"Time (UTCG)","Azimuth (deg)","Elevation (deg)","Subsolar (deg)"
1 Jan 2020 00:00:00.000,255.114,-00.010,089.987
1 Jan 2020 00:01:00.000,255.142,000.925,090.922
1 Jan 2020 00:02:00.000,255.227,001.857,091.854
1 Jan 2020 00:03:00.000,255.370,002.781,092.778
1 Jan 2020 00:04:00.000,255.569,003.695,093.692
1 Jan 2020 00:05:00.000,255.825,004.595,094.592
1 Jan 2020 00:06:00.000,256.136,005.478,095.475
1 Jan 2020 00:07:00.000,256.502,006.339,096.337
1 Jan 2020 00:08:00.000,256.922,007.177,097.174
1 Jan 2020 00:09:00.000,257.395,007.986,097.984
1 Jan 2020 00:10:00.000,257.919,008.765,098.762
1 Jan 2020 00:11:00.000,258.492,009.510,099.507
1 Jan 2020 00:12:00.000,259.114,010.217,100.214
1 Jan 2020 00:13:00.000,259.781,010.884,100.882
1 Jan 2020 00:14:00.000,260.491,011.508,101.506
1 Jan 2020 00:15:00.000,261.242,012.087,102.084
1 Jan 2020 00:16:00.000,262.031,012.617,102.614
1 Jan 2020 00:17:00.000,262.855,013.096,103.093
1 Jan 2020 00:18:00.000,263.711,013.522,103.519
1 Jan 2020 00:19:00.000,264.595,013.893,103.890
1 Jan 2020 00:20:00.000,265.503,014.207,104.205
1 Jan 2020 00:21:00.000,266.432,014.463,104.461
1 Jan 2020 00:22:00.000,267.377,014.660,104.657
1 Jan 2020 00:23:00.000,268.333,014.796,104.794
1 Jan 2020 00:24:00.000,269.298,014.872,104.869
1 Jan 2020 00:25:00.000,270.266,014.885,104.883
1 Jan 2020 00:26:00.000,271.232,014.838,104.835
1 Jan 2020 00:27:00.000,272.193,014.729,104.726
1 Jan 2020 00:28:00.000,273.144,014.559,104.557
1 Jan 2020 00:29:00.000,274.080,014.330,104.327
1 Jan 2020 00:30:00.000,274.998,014.041,104.039
1 Jan 2020 00:31:00.000,275.893,013.695,103.693
1 Jan 2020 00:32:00.000,276.762,013.294,103.291
1 Jan 2020 00:33:00.000,277.601,012.838,102.836
1 Jan 2020 00:34:00.000,278.406,012.331,102.328
1 Jan 2020 00:35:00.000,279.174,011.774,101.772
1 Jan 2020 00:36:00.000,279.903,011.171,101.168
1 Jan 2020 00:37:00.000,280.590,010.522,100.520
1 Jan 2020 00:38:00.000,281.232,009.833,099.830
1 Jan 2020 00:39:00.000,281.827,009.105,099.102
1 Jan 2020 00:40:00.000,282.374,008.341,098.338
1 Jan 2020 00:41:00.000,282.869,007.545,097.542
1 Jan 2020 00:42:00.000,283.313,006.720,096.717
1 Jan 2020 00:43:00.000,283.704,005.869,095.866
1 Jan 2020 00:44:00.000,284.040,004.995,094.992
1 Jan 2020 00:45:00.000,284.321,004.103,094.100
1 Jan 2020 00:46:00.000,284.545,003.195,093.192
1 Jan 2020 00:47:00.000,284.713,002.274,092.272
1 Jan 2020 00:48:00.000,284.825,001.346,091.343
1 Jan 2020 00:49:00.000,284.878,000.412,090.409
1 Jan 2020 00:50:00.000,284.875,-00.523,089.474
1 Jan 2020 00:51:00.000,284.814,-01.457,088.541
1 Jan 2020 00:52:00.000,284.695,-02.385,087.613
1 Jan 2020 00:53:00.000,284.520,-03.303,086.694
1 Jan 2020 00:54:00.000,284.288,-04.210,085.788
1 Jan 2020 00:55:00.000,284.000,-05.100,084.897
1 Jan 2020 00:56:00.000,283.657,-05.971,084.027
1 Jan 2020 00:57:00.000,283.260,-06.818,083.179
1 Jan 2020 00:58:00.000,282.809,-07.640,082.357
1 Jan 2020 00:59:00.000,282.307,-08.432,081.565
1 Jan 2020 01:00:00.000,281.755,-09.192,080.806
1 Jan 2020 01:01:00.000,281.153,-09.915,080.082
1 Jan 2020 01:02:00.000,280.506,-10.600,079.398
1 Jan 2020 01:03:00.000,279.814,-11.242,078.755
1 Jan 2020 01:04:00.000,279.080,-11.840,078.157
1 Jan 2020 01:05:00.000,278.306,-12.391,077.607
1 Jan 2020 01:06:00.000,277.497,-12.891,077.106
1 Jan 2020 01:07:00.000,276.654,-13.340,076.657
1 Jan 2020 01:08:00.000,275.782,-13.735,076.263
1 Jan 2020 01:09:00.000,274.884,-14.073,075.924
1 Jan 2020 01:10:00.000,273.963,-14.354,075.643
1 Jan 2020 01:11:00.000,273.025,-14.576,075.421
1 Jan 2020 01:12:00.000,272.073,-14.738,075.259
1 Jan 2020 01:13:00.000,271.111,-14.839,075.158
1 Jan 2020 01:14:00.000,270.145,-14.879,075.118
1 Jan 2020 01:15:00.000,269.177,-14.858,075.140
1 Jan 2020 01:16:00.000,268.214,-14.775,075.223
1 Jan 2020 01:17:00.000,267.258,-14.631,075.367
1 Jan 2020 01:18:00.000,266.315,-14.426,075.571
1 Jan 2020 01:19:00.000,265.389,-14.163,075.834
1 Jan 2020 01:20:00.000,264.484,-13.841,076.156
1 Jan 2020 01:21:00.000,263.604,-13.463,076.534
1 Jan 2020 01:22:00.000,262.752,-13.030,076.967
1 Jan 2020 01:23:00.000,261.932,-12.545,077.452
1 Jan 2020 01:24:00.000,261.148,-12.009,077.988
1 Jan 2020 01:25:00.000,260.402,-11.425,078.573
1 Jan 2020 01:26:00.000,259.697,-10.795,079.202
1 Jan 2020 01:27:00.000,259.036,-10.123,079.874
1 Jan 2020 01:28:00.000,258.421,-09.411,080.586
1 Jan 2020 01:29:00.000,257.854,-08.662,081.335
1 Jan 2020 01:30:00.000,257.337,-07.879,082.118
1 Jan 2020 01:31:00.000,256.871,-07.066,082.931
1 Jan 2020 01:32:00.000,256.457,-06.226,083.772
1 Jan 2020 01:33:00.000,256.098,-05.361,084.636
1 Jan 2020 01:34:00.000,255.794,-04.477,085.520
1 Jan 2020 01:35:00.000,255.545,-03.575,086.422
1 Jan 2020 01:36:00.000,255.353,-02.660,087.337
1 Jan 2020 01:37:00.000,255.218,-01.734,088.263
1 Jan 2020 01:38:00.000,255.140,-00.802,089.195
1 Jan 2020 01:39:00.000,255.119,000.132,090.130
1 Jan 2020 01:40:00.000,255.156,001.067,091.064
1 Jan 2020 01:41:00.000,255.250,001.997,091.995
1 Jan 2020 01:42:00.000,255.401,002.920,092.918
1 Jan 2020 01:43:00.000,255.609,003.832,093.829
1 Jan 2020 01:44:00.000,255.873,004.729,094.727
1 Jan 2020 01:45:00.000,256.193,005.609,095.606
1 Jan 2020 01:46:00.000,256.567,006.467,096.464
1 Jan 2020 01:47:00.000,256.995,007.300,097.297
1 Jan 2020 01:48:00.000,257.476,008.105,098.102
1 Jan 2020 01:49:00.000,258.007,008.878,098.875
1 Jan 2020 01:50:00.000,258.588,009.617,099.614
1 Jan 2020 01:51:00.000,259.216,010.318,100.315
1 Jan 2020 01:52:00.000,259.889,010.979,100.976
1 Jan 2020 01:53:00.000,260.606,011.596,101.593
1 Jan 2020 01:54:00.000,261.363,012.167,102.164
1 Jan 2020 01:55:00.000,262.157,012.689,102.686
1 Jan 2020 01:56:00.000,262.986,013.160,103.157
1 Jan 2020 01:57:00.000,263.846,013.577,103.575
1 Jan 2020 01:58:00.000,264.734,013.940,103.937
1 Jan 2020 01:59:00.000,265.645,014.245,104.243
1 Jan 2020 02:00:00.000,266.576,014.492,104.490
1 Jan 2020 02:01:00.000,267.522,014.680,104.677
1 Jan 2020 02:02:00.000,268.480,014.807,104.804
1 Jan 2020 02:03:00.000,269.445,014.873,104.870
1 Jan 2020 02:04:00.000,270.413,014.877,104.875
1 Jan 2020 02:05:00.000,271.379,014.820,104.818
1 Jan 2020 02:06:00.000,272.338,014.702,104.700
1 Jan 2020 02:07:00.000,273.286,014.523,104.521
1 Jan 2020 02:08:00.000,274.220,014.285,104.282
1 Jan 2020 02:09:00.000,275.134,013.988,103.985
1 Jan 2020 02:10:00.000,276.025,013.633,103.631
1 Jan 2020 02:11:00.000,276.889,013.224,103.221
1 Jan 2020 02:12:00.000,277.723,012.760,102.758
1 Jan 2020 02:13:00.000,278.523,012.246,102.243
1 Jan 2020 02:14:00.000,279.285,011.682,101.679
1 Jan 2020 02:15:00.000,280.007,011.071,101.068
1 Jan 2020 02:16:00.000,280.687,010.417,100.414
1 Jan 2020 02:17:00.000,281.322,009.721,099.718
1 Jan 2020 02:18:00.000,281.910,008.988,098.985
1 Jan 2020 02:19:00.000,282.448,008.219,098.216
1 Jan 2020 02:20:00.000,282.936,007.419,097.416
1 Jan 2020 02:21:00.000,283.372,006.589,096.587
1 Jan 2020 02:22:00.000,283.754,005.735,095.732
1 Jan 2020 02:23:00.000,284.082,004.859,094.856
1 Jan 2020 02:24:00.000,284.354,003.964,093.961
1 Jan 2020 02:25:00.000,284.570,003.054,093.051
1 Jan 2020 02:26:00.000,284.729,002.133,092.130
1 Jan 2020 02:27:00.000,284.832,001.203,091.201
1 Jan 2020 02:28:00.000,284.877,000.269,090.267
1 Jan 2020 02:29:00.000,284.864,-00.666,089.332
1 Jan 2020 02:30:00.000,284.795,-01.598,088.399
1 Jan 2020 02:31:00.000,284.668,-02.524,087.473
1 Jan 2020 02:32:00.000,284.484,-03.441,086.556
1 Jan 2020 02:33:00.000,284.243,-04.345,085.652
1 Jan 2020 02:34:00.000,283.947,-05.232,084.765
1 Jan 2020 02:35:00.000,283.596,-06.099,083.898
1 Jan 2020 02:36:00.000,283.190,-06.943,083.054
1 Jan 2020 02:37:00.000,282.732,-07.760,082.237
1 Jan 2020 02:38:00.000,282.222,-08.547,081.450
1 Jan 2020 02:39:00.000,281.662,-09.301,080.696
1 Jan 2020 02:40:00.000,281.054,-10.019,079.978
1 Jan 2020 02:41:00.000,280.400,-10.697,079.300
1 Jan 2020 02:42:00.000,279.701,-11.333,078.665
1 Jan 2020 02:43:00.000,278.961,-11.923,078.074
1 Jan 2020 02:44:00.000,278.182,-12.466,077.531
1 Jan 2020 02:45:00.000,277.368,-12.959,077.038
1 Jan 2020 02:46:00.000,276.521,-13.400,076.598
1 Jan 2020 02:47:00.000,275.645,-13.786,076.212
1 Jan 2020 02:48:00.000,274.743,-14.115,075.882
1 Jan 2020 02:49:00.000,273.820,-14.387,075.610
1 Jan 2020 02:50:00.000,272.880,-14.600,075.397
1 Jan 2020 02:51:00.000,271.926,-14.753,075.244
1 Jan 2020 02:52:00.000,270.964,-14.845,075.152
1 Jan 2020 02:53:00.000,269.997,-14.875,075.122
1 Jan 2020 02:54:00.000,269.030,-14.844,075.153
1 Jan 2020 02:55:00.000,268.068,-14.752,075.245
1 Jan 2020 02:56:00.000,267.115,-14.599,075.398
1 Jan 2020 02:57:00.000,266.174,-14.386,075.612
1 Jan 2020 02:58:00.000,265.252,-14.113,075.884
1 Jan 2020 02:59:00.000,264.350,-13.783,076.214
1 Jan 2020 03:00:00.000,263.474,-13.397,076.601
1 Jan 2020 03:01:00.000,262.627,-12.956,077.042
1 Jan 2020 03:02:00.000,261.813,-12.463,077.535
1 Jan 2020 03:03:00.000,261.035,-11.919,078.078
1 Jan 2020 03:04:00.000,260.295,-11.328,078.669
1 Jan 2020 03:05:00.000,259.597,-10.692,079.305
1 Jan 2020 03:06:00.000,258.943,-10.014,079.983
1 Jan 2020 03:07:00.000,258.335,-09.296,080.701
1 Jan 2020 03:08:00.000,257.776,-08.542,081.455
1 Jan 2020 03:09:00.000,257.266,-07.755,082.242
1 Jan 2020 03:10:00.000,256.808,-06.938,083.060
1 Jan 2020 03:11:00.000,256.403,-06.094,083.904
1 Jan 2020 03:12:00.000,256.053,-05.226,084.771
1 Jan 2020 03:13:00.000,255.757,-04.339,085.658
1 Jan 2020 03:14:00.000,255.517,-03.435,086.562
1 Jan 2020 03:15:00.000,255.333,-02.519,087.479
1 Jan 2020 03:16:00.000,255.207,-01.592,088.405
1 Jan 2020 03:17:00.000,255.137,-00.660,089.337
1 Jan 2020 03:18:00.000,255.126,000.275,090.272
1 Jan 2020 03:19:00.000,255.171,001.209,091.206
1 Jan 2020 03:20:00.000,255.274,002.138,092.135
1 Jan 2020 03:21:00.000,255.434,003.059,093.056
1 Jan 2020 03:22:00.000,255.650,003.969,093.966
1 Jan 2020 03:23:00.000,255.923,004.863,094.860
1 Jan 2020 03:24:00.000,256.251,005.739,095.736
1 Jan 2020 03:25:00.000,256.633,006.593,096.590
1 Jan 2020 03:26:00.000,257.069,007.422,097.419
1 Jan 2020 03:27:00.000,257.557,008.222,098.219
1 Jan 2020 03:28:00.000,258.096,008.990,098.987
1 Jan 2020 03:29:00.000,258.684,009.723,099.721
1 Jan 2020 03:30:00.000,259.319,010.418,100.416
1 Jan 2020 03:31:00.000,259.999,011.072,101.070
1 Jan 2020 03:32:00.000,260.722,011.682,101.680
1 Jan 2020 03:33:00.000,261.484,012.246,102.243
1 Jan 2020 03:34:00.000,262.284,012.760,102.757
1 Jan 2020 03:35:00.000,263.117,013.223,103.220
1 Jan 2020 03:36:00.000,263.982,013.632,103.629
1 Jan 2020 03:37:00.000,264.873,013.986,103.983
1 Jan 2020 03:38:00.000,265.787,014.283,104.280
1 Jan 2020 03:39:00.000,266.720,014.521,104.518
1 Jan 2020 03:40:00.000,267.669,014.699,104.696
1 Jan 2020 03:41:00.000,268.628,014.817,104.814
1 Jan 2020 03:42:00.000,269.593,014.873,104.870
1 Jan 2020 03:43:00.000,270.560,014.868,104.865
1 Jan 2020 03:44:00.000,271.525,014.802,104.799
1 Jan 2020 03:45:00.000,272.482,014.674,104.672
1 Jan 2020 03:46:00.000,273.429,014.487,104.484
1 Jan 2020 03:47:00.000,274.359,014.239,104.236
1 Jan 2020 03:48:00.000,275.270,013.933,103.931
1 Jan 2020 03:49:00.000,276.157,013.571,103.568
1 Jan 2020 03:50:00.000,277.016,013.153,103.150
1 Jan 2020 03:51:00.000,277.845,012.681,102.679
1 Jan 2020 03:52:00.000,278.639,012.159,102.156
1 Jan 2020 03:53:00.000,279.395,011.588,101.585
1 Jan 2020 03:54:00.000,280.111,010.971,100.968
1 Jan 2020 03:55:00.000,280.784,010.310,100.308
1 Jan 2020 03:56:00.000,281.411,009.609,099.606
1 Jan 2020 03:57:00.000,281.991,008.870,098.867
1 Jan 2020 03:57:35.194,282.309,008.420,098.418
1 Jan 2020 03:59:00.000,283.002,007.292,097.289
1 Jan 2020 04:00:00.000,283.429,006.459,096.456
1 Jan 2020 04:01:00.000,283.803,005.601,095.599
1 Jan 2020 04:02:00.000,284.122,004.722,094.719
1 Jan 2020 04:03:00.000,284.386,003.825,093.822
1 Jan 2020 04:04:00.000,284.594,002.914,092.911
1 Jan 2020 04:05:00.000,284.744,001.991,091.988
1 Jan 2020 04:06:00.000,284.838,001.061,091.058
1 Jan 2020 04:07:00.000,284.874,000.127,090.124
1 Jan 2020 04:08:00.000,284.853,-00.808,089.190
1 Jan 2020 04:09:00.000,284.775,-01.739,088.258
1 Jan 2020 04:10:00.000,284.639,-02.664,087.333
1 Jan 2020 04:11:00.000,284.446,-03.579,086.418
1 Jan 2020 04:12:00.000,284.198,-04.480,085.517
1 Jan 2020 04:13:00.000,283.893,-05.364,084.633
1 Jan 2020 04:14:00.000,283.534,-06.228,083.770
1 Jan 2020 04:15:00.000,283.120,-07.067,082.930
1 Jan 2020 04:16:00.000,282.654,-07.880,082.117
1 Jan 2020 04:17:00.000,282.137,-08.662,081.335
1 Jan 2020 04:18:00.000,281.569,-09.410,080.587
1 Jan 2020 04:19:00.000,280.954,-10.122,079.876
1 Jan 2020 04:20:00.000,280.293,-10.793,079.204
1 Jan 2020 04:21:00.000,279.588,-11.422,078.575
1 Jan 2020 04:22:00.000,278.842,-12.006,077.992
1 Jan 2020 04:23:00.000,278.058,-12.541,077.456
1 Jan 2020 04:24:00.000,277.239,-13.026,076.971
1 Jan 2020 04:25:00.000,276.387,-13.458,076.539
1 Jan 2020 04:26:00.000,275.507,-13.836,076.162
1 Jan 2020 04:27:00.000,274.603,-14.157,075.841
1 Jan 2020 04:28:00.000,273.677,-14.419,075.578
1 Jan 2020 04:29:00.000,272.735,-14.623,075.374
1 Jan 2020 04:30:00.000,271.780,-14.767,075.231
1 Jan 2020 04:31:00.000,270.817,-14.849,075.148
1 Jan 2020 04:32:00.000,269.850,-14.870,075.127
1 Jan 2020 04:33:00.000,268.884,-14.830,075.167
1 Jan 2020 04:34:00.000,267.923,-14.728,075.269
1 Jan 2020 04:35:00.000,266.971,-14.566,075.431
1 Jan 2020 04:36:00.000,266.034,-14.344,075.654
1 Jan 2020 04:37:00.000,265.114,-14.063,075.935
1 Jan 2020 04:38:00.000,264.217,-13.724,076.274
1 Jan 2020 04:39:00.000,263.345,-13.329,076.668
1 Jan 2020 04:40:00.000,262.504,-12.880,077.117
1 Jan 2020 04:41:00.000,261.695,-12.379,077.618
1 Jan 2020 04:42:00.000,260.922,-11.829,078.168
1 Jan 2020 04:43:00.000,260.189,-11.231,078.766
1 Jan 2020 04:44:00.000,259.498,-10.589,079.409
1 Jan 2020 04:45:00.000,258.851,-09.904,080.093
1 Jan 2020 04:46:00.000,258.250,-09.181,080.816
1 Jan 2020 04:47:00.000,257.698,-08.422,081.575
1 Jan 2020 04:48:00.000,257.197,-07.630,082.367
1 Jan 2020 04:49:00.000,256.747,-06.809,083.188
1 Jan 2020 04:50:00.000,256.350,-05.961,084.036
1 Jan 2020 04:51:00.000,256.008,-05.091,084.906
1 Jan 2020 04:52:00.000,255.721,-04.201,085.796
1 Jan 2020 04:53:00.000,255.489,-03.296,086.702
1 Jan 2020 04:54:00.000,255.315,-02.377,087.620
1 Jan 2020 04:55:00.000,255.197,-01.450,088.547
1 Jan 2020 04:56:00.000,255.136,-00.517,089.480
1 Jan 2020 04:57:00.000,255.133,000.417,090.414
1 Jan 2020 04:58:00.000,255.187,001.350,091.347
1 Jan 2020 04:59:00.000,255.299,002.278,092.275
1 Jan 2020 05:00:00.000,255.467,003.198,093.195
1 Jan 2020 05:01:00.000,255.692,004.105,094.102
1 Jan 2020 05:02:00.000,255.973,004.996,094.994
1 Jan 2020 05:03:00.000,256.309,005.869,095.866
1 Jan 2020 05:04:00.000,256.700,006.719,096.716
1 Jan 2020 05:05:00.000,257.144,007.544,097.541
1 Jan 2020 05:06:00.000,257.640,008.339,098.336
1 Jan 2020 05:07:00.000,258.186,009.102,099.099
1 Jan 2020 05:08:00.000,258.781,009.829,099.826
1 Jan 2020 05:09:00.000,259.423,010.518,100.515
1 Jan 2020 05:10:00.000,260.109,011.165,101.162
1 Jan 2020 05:11:00.000,260.838,011.768,101.765
1 Jan 2020 05:12:00.000,261.606,012.324,102.321
1 Jan 2020 05:13:00.000,262.411,012.830,102.828
1 Jan 2020 05:14:00.000,263.249,013.285,103.282
1 Jan 2020 05:15:00.000,264.117,013.686,103.683
1 Jan 2020 05:16:00.000,265.012,014.031,104.028
1 Jan 2020 05:17:00.000,265.929,014.319,104.316
1 Jan 2020 05:18:00.000,266.865,014.547,104.545
1 Jan 2020 05:19:00.000,267.815,014.717,104.714
1 Jan 2020 05:20:00.000,268.775,014.825,104.822
1 Jan 2020 05:21:00.000,269.740,014.872,104.869
1 Jan 2020 05:22:00.000,270.707,014.858,104.855
1 Jan 2020 05:23:00.000,271.671,014.782,104.780
1 Jan 2020 05:24:00.000,272.626,014.646,104.643
1 Jan 2020 05:25:00.000,273.570,014.449,104.446
1 Jan 2020 05:26:00.000,274.498,014.192,104.190
1 Jan 2020 05:27:00.000,275.405,013.878,103.875
1 Jan 2020 05:28:00.000,276.288,013.507,103.504
1 Jan 2020 05:29:00.000,277.142,013.081,103.078
1 Jan 2020 05:30:00.000,277.966,012.602,102.599
1 Jan 2020 05:31:00.000,278.754,012.072,102.069
1 Jan 2020 05:32:00.000,279.504,011.494,101.491
1 Jan 2020 05:33:00.000,280.213,010.870,100.867
1 Jan 2020 05:34:00.000,280.879,010.203,100.201
1 Jan 2020 05:35:00.000,281.499,009.496,099.494
1 Jan 2020 05:36:00.000,282.072,008.752,098.749
1 Jan 2020 05:37:00.000,282.595,007.974,097.971
1 Jan 2020 05:38:00.000,283.067,007.165,097.162
1 Jan 2020 05:39:00.000,283.486,006.328,096.325
1 Jan 2020 05:39:32.699,283.692,005.862,095.859
1 Jan 2020 05:41:00.000,284.162,004.585,094.583
1 Jan 2020 05:42:00.000,284.417,003.686,093.683
1 Jan 2020 05:43:00.000,284.616,002.773,092.770
1 Jan 2020 05:44:00.000,284.758,001.849,091.847
1 Jan 2020 05:45:00.000,284.843,000.919,090.916
1 Jan 2020 05:46:00.000,284.871,-00.015,089.982
1 Jan 2020 05:47:00.000,284.841,-00.949,089.048
1 Jan 2020 05:48:00.000,284.754,-01.880,088.117
1 Jan 2020 05:49:00.000,284.609,-02.803,087.194
1 Jan 2020 05:50:00.000,284.408,-03.716,086.281
1 Jan 2020 05:51:00.000,284.151,-04.615,085.383
1 Jan 2020 05:52:00.000,283.838,-05.496,084.502
1 Jan 2020 05:53:00.000,283.470,-06.356,083.642
1 Jan 2020 05:54:00.000,283.049,-07.191,082.806
1 Jan 2020 05:55:00.000,282.575,-07.999,081.998
1 Jan 2020 05:56:00.000,282.050,-08.776,081.221
1 Jan 2020 05:57:00.000,281.475,-09.519,080.479
1 Jan 2020 05:58:00.000,280.853,-10.224,079.773
1 Jan 2020 05:59:00.000,280.186,-10.889,079.108
1 Jan 2020 06:00:00.000,279.475,-11.511,078.486
1 Jan 2020 06:01:00.000,278.723,-12.087,077.910
1 Jan 2020 06:02:00.000,277.933,-12.615,077.383
1 Jan 2020 06:03:00.000,277.109,-13.092,076.906
1 Jan 2020 06:04:00.000,276.253,-13.515,076.482
1 Jan 2020 06:05:00.000,275.370,-13.884,076.113
1 Jan 2020 06:06:00.000,274.462,-14.197,075.801
1 Jan 2020 06:07:00.000,273.533,-14.450,075.547
1 Jan 2020 06:08:00.000,272.589,-14.645,075.352
1 Jan 2020 06:09:00.000,271.633,-14.779,075.218
1 Jan 2020 06:10:00.000,270.669,-14.852,075.145
1 Jan 2020 06:11:00.000,269.703,-14.864,075.133
1 Jan 2020 06:12:00.000,268.737,-14.814,075.183
1 Jan 2020 06:13:00.000,267.778,-14.704,075.294
1 Jan 2020 06:14:00.000,266.828,-14.532,075.465
1 Jan 2020 06:15:00.000,265.894,-14.301,075.696
1 Jan 2020 06:16:00.000,264.977,-14.011,075.986
1 Jan 2020 06:17:00.000,264.084,-13.664,076.334
1 Jan 2020 06:18:00.000,263.217,-13.261,076.737
1 Jan 2020 06:19:00.000,262.380,-12.804,077.193
1 Jan 2020 06:20:00.000,261.577,-12.295,077.702
1 Jan 2020 06:21:00.000,260.811,-11.738,078.260
1 Jan 2020 06:22:00.000,260.084,-11.133,078.864
1 Jan 2020 06:23:00.000,259.399,-10.484,079.513
1 Jan 2020 06:24:00.000,258.759,-09.794,080.203
1 Jan 2020 06:25:00.000,258.166,-09.065,080.932
1 Jan 2020 06:26:00.000,257.622,-08.301,081.696
1 Jan 2020 06:27:00.000,257.128,-07.505,082.492
1 Jan 2020 06:28:00.000,256.687,-06.680,083.318
1 Jan 2020 06:29:00.000,256.298,-05.829,084.169
1 Jan 2020 06:30:00.000,255.964,-04.955,085.042
1 Jan 2020 06:31:00.000,255.686,-04.063,085.934
1 Jan 2020 06:32:00.000,255.463,-03.156,086.842
1 Jan 2020 06:33:00.000,255.297,-02.236,087.761
1 Jan 2020 06:34:00.000,255.188,-01.308,088.689
1 Jan 2020 06:35:00.000,255.136,-00.375,089.622
1 Jan 2020 06:36:00.000,255.141,000.559,090.556
1 Jan 2020 06:37:00.000,255.204,001.492,091.489
1 Jan 2020 06:38:00.000,255.325,002.418,092.415
1 Jan 2020 06:39:00.000,255.502,003.336,093.333
1 Jan 2020 06:40:00.000,255.735,004.241,094.238
1 Jan 2020 06:41:00.000,256.024,005.129,095.127
1 Jan 2020 06:42:00.000,256.369,005.998,095.996
1 Jan 2020 06:43:00.000,256.768,006.845,096.842
1 Jan 2020 06:44:00.000,257.219,007.665,097.662
1 Jan 2020 06:45:00.000,257.723,008.455,098.452
1 Jan 2020 06:46:00.000,258.277,009.212,099.210
1 Jan 2020 06:47:00.000,258.879,009.934,099.931
1 Jan 2020 06:48:00.000,259.527,010.616,100.614
1 Jan 2020 06:49:00.000,260.220,011.257,101.254
1 Jan 2020 06:50:00.000,260.955,011.853,101.850
1 Jan 2020 06:51:00.000,261.729,012.401,102.398
1 Jan 2020 06:52:00.000,262.538,012.900,102.897
1 Jan 2020 06:53:00.000,263.381,013.346,103.343
1 Jan 2020 06:54:00.000,264.253,013.738,103.736
1 Jan 2020 06:55:00.000,265.151,014.075,104.072
1 Jan 2020 06:56:00.000,266.071,014.354,104.351
1 Jan 2020 06:57:00.000,267.009,014.573,104.571
1 Jan 2020 06:58:00.000,267.961,014.733,104.730
1 Jan 2020 06:59:00.000,268.922,014.832,104.830
1 Jan 2020 07:00:00.000,269.888,014.870,104.867
1 Jan 2020 07:01:00.000,270.854,014.846,104.844
1 Jan 2020 07:02:00.000,271.816,014.762,104.759
1 Jan 2020 07:03:00.000,272.770,014.616,104.613
1 Jan 2020 07:04:00.000,273.712,014.410,104.407
1 Jan 2020 07:05:00.000,274.636,014.144,104.142
1 Jan 2020 07:06:00.000,275.540,013.821,103.819
1 Jan 2020 07:07:00.000,276.418,013.442,103.439
1 Jan 2020 07:08:00.000,277.268,013.008,103.005
1 Jan 2020 07:09:00.000,278.086,012.521,102.518
1 Jan 2020 07:10:00.000,278.868,011.984,101.981
1 Jan 2020 07:11:00.000,279.612,011.399,101.396
1 Jan 2020 07:12:00.000,280.315,010.769,100.766
1 Jan 2020 07:13:00.000,280.974,010.096,100.093
1 Jan 2020 07:14:00.000,281.587,009.383,099.380
1 Jan 2020 07:15:00.000,282.152,008.634,098.631
1 Jan 2020 07:16:00.000,282.667,007.851,097.848
1 Jan 2020 07:16:32.604,282.925,007.412,097.410
1 Jan 2020 07:18:00.000,283.542,006.197,096.194
1 Jan 2020 07:19:00.000,283.899,005.333,095.330
1 Jan 2020 07:20:00.000,284.201,004.448,094.446
1 Jan 2020 07:21:00.000,284.448,003.547,093.544
1 Jan 2020 07:22:00.000,284.638,002.632,092.630
1 Jan 2020 07:23:00.000,284.771,001.708,091.705
1 Jan 2020 07:24:00.000,284.847,000.776,090.774
1 Jan 2020 07:25:00.000,284.866,-00.158,089.840
1 Jan 2020 07:26:00.000,284.827,-01.091,088.906
1 Jan 2020 07:27:00.000,284.732,-02.021,087.977
1 Jan 2020 07:28:00.000,284.579,-02.942,087.055
1 Jan 2020 07:29:00.000,284.369,-03.853,086.144
1 Jan 2020 07:30:00.000,284.103,-04.749,085.249
1 Jan 2020 07:31:00.000,283.782,-05.626,084.371
1 Jan 2020 07:32:00.000,283.406,-06.483,083.514
1 Jan 2020 07:33:00.000,282.977,-07.314,082.683
1 Jan 2020 07:34:00.000,282.495,-08.117,081.880
1 Jan 2020 07:35:00.000,281.963,-08.889,081.108
1 Jan 2020 07:36:00.000,281.381,-09.626,080.371
1 Jan 2020 07:37:00.000,280.752,-10.325,079.672
1 Jan 2020 07:38:00.000,280.078,-10.984,079.013
1 Jan 2020 07:39:00.000,279.360,-11.599,078.398
1 Jan 2020 07:40:00.000,278.603,-12.168,077.830
1 Jan 2020 07:41:00.000,277.808,-12.688,077.310
1 Jan 2020 07:42:00.000,276.979,-13.156,076.841
1 Jan 2020 07:43:00.000,276.119,-13.572,076.425
1 Jan 2020 07:44:00.000,275.231,-13.932,076.065
1 Jan 2020 07:45:00.000,274.320,-14.235,075.762
1 Jan 2020 07:46:00.000,273.390,-14.480,075.517
1 Jan 2020 07:47:00.000,272.444,-14.666,075.332
1 Jan 2020 07:48:00.000,271.486,-14.791,075.207
1 Jan 2020 07:49:00.000,270.522,-14.854,075.143
1 Jan 2020 07:50:00.000,269.556,-14.857,075.141
1 Jan 2020 07:51:00.000,268.591,-14.798,075.199
1 Jan 2020 07:52:00.000,267.633,-14.678,075.320
1 Jan 2020 07:53:00.000,266.686,-14.497,075.500
1 Jan 2020 07:54:00.000,265.754,-14.257,075.740
1 Jan 2020 07:55:00.000,264.841,-13.958,076.039
1 Jan 2020 07:56:00.000,263.952,-13.602,076.395
1 Jan 2020 07:57:00.000,263.089,-13.191,076.806
1 Jan 2020 07:58:00.000,262.258,-12.727,077.271
1 Jan 2020 07:59:00.000,261.460,-12.211,077.787
1 Jan 2020 08:00:00.000,260.700,-11.646,078.352
1 Jan 2020 08:01:00.000,259.979,-11.034,078.963
1 Jan 2020 08:02:00.000,259.301,-10.379,079.618
1 Jan 2020 08:03:00.000,258.669,-09.683,080.314
1 Jan 2020 08:04:00.000,258.083,-08.949,081.048
1 Jan 2020 08:05:00.000,257.547,-08.180,081.817
1 Jan 2020 08:06:00.000,257.061,-07.379,082.618
1 Jan 2020 08:07:00.000,256.628,-06.550,083.447
1 Jan 2020 08:08:00.000,256.247,-05.696,084.302
1 Jan 2020 08:09:00.000,255.922,-04.820,085.178
1 Jan 2020 08:10:00.000,255.652,-03.925,086.072
1 Jan 2020 08:11:00.000,255.438,-03.016,086.982
1 Jan 2020 08:12:00.000,255.280,-02.095,087.902
1 Jan 2020 08:13:00.000,255.180,-01.166,088.831
1 Jan 2020 08:14:00.000,255.137,-00.233,089.764
1 Jan 2020 08:15:00.000,255.151,000.701,090.698
1 Jan 2020 08:16:00.000,255.223,001.633,091.630
1 Jan 2020 08:17:00.000,255.351,002.558,092.555
1 Jan 2020 08:18:00.000,255.537,003.474,093.471
1 Jan 2020 08:19:00.000,255.779,004.376,094.373
1 Jan 2020 08:20:00.000,256.077,005.262,095.259
1 Jan 2020 08:21:00.000,256.430,006.127,096.125
1 Jan 2020 08:22:00.000,256.836,006.970,096.967
1 Jan 2020 08:23:00.000,257.296,007.785,097.782
1 Jan 2020 08:24:00.000,257.807,008.570,098.568
1 Jan 2020 08:25:00.000,258.368,009.322,099.320
1 Jan 2020 08:26:00.000,258.977,010.038,100.035
1 Jan 2020 08:27:00.000,259.633,010.714,100.711
1 Jan 2020 08:28:00.000,260.332,011.348,101.345
1 Jan 2020 08:29:00.000,261.072,011.936,101.934
1 Jan 2020 08:30:00.000,261.852,012.477,102.475
1 Jan 2020 08:31:00.000,262.667,012.968,102.965
1 Jan 2020 08:32:00.000,263.514,013.406,103.403
1 Jan 2020 08:33:00.000,264.390,013.790,103.787
1 Jan 2020 08:34:00.000,265.291,014.118,104.115
1 Jan 2020 08:35:00.000,266.214,014.387,104.385
1 Jan 2020 08:36:00.000,267.154,014.598,104.595
1 Jan 2020 08:37:00.000,268.107,014.749,104.746
1 Jan 2020 08:38:00.000,269.069,014.838,104.836
1 Jan 2020 08:39:00.000,270.035,014.867,104.864
1 Jan 2020 08:40:00.000,271.000,014.834,104.831
1 Jan 2020 08:41:00.000,271.962,014.740,104.737
1 Jan 2020 08:42:00.000,272.914,014.585,104.582
1 Jan 2020 08:43:00.000,273.853,014.370,104.367
1 Jan 2020 08:44:00.000,274.774,014.096,104.093
1 Jan 2020 08:45:00.000,275.674,013.764,103.761
1 Jan 2020 08:46:00.000,276.548,013.376,103.373
1 Jan 2020 08:47:00.000,277.393,012.934,102.931
1 Jan 2020 08:48:00.000,278.205,012.440,102.437
1 Jan 2020 08:49:00.000,278.982,011.895,101.892
1 Jan 2020 08:49:16.335,279.186,011.739,101.736
1 Jan 2020 08:51:00.000,280.415,010.666,100.664
1 Jan 2020 08:52:00.000,281.067,009.987,099.985
1 Jan 2020 08:53:00.000,281.673,009.269,099.266
1 Jan 2020 08:54:00.000,282.231,008.515,098.512
1 Jan 2020 08:55:00.000,282.738,007.727,097.724
1 Jan 2020 08:56:00.000,283.194,006.910,096.907
1 Jan 2020 08:57:00.000,283.596,006.066,096.063
1 Jan 2020 08:58:00.000,283.945,005.198,095.196
1 Jan 2020 08:59:00.000,284.239,004.311,094.309
1 Jan 2020 09:00:00.000,284.477,003.408,093.405
1 Jan 2020 09:01:00.000,284.658,002.492,092.489
1 Jan 2020 09:02:00.000,284.783,001.566,091.563
1 Jan 2020 09:03:00.000,284.850,000.634,090.631
1 Jan 2020 09:04:00.000,284.860,-00.300,089.697
1 Jan 2020 09:05:00.000,284.813,-01.233,088.765
1 Jan 2020 09:06:00.000,284.709,-02.161,087.836
1 Jan 2020 09:07:00.000,284.547,-03.081,086.916
1 Jan 2020 09:08:00.000,284.329,-03.989,086.008
1 Jan 2020 09:09:00.000,284.055,-04.882,085.115
1 Jan 2020 09:10:00.000,283.725,-05.757,084.240
1 Jan 2020 09:11:00.000,283.341,-06.610,083.388
1 Jan 2020 09:12:00.000,282.904,-07.437,082.561
1 Jan 2020 09:13:00.000,282.414,-08.235,081.762
1 Jan 2020 09:14:00.000,281.874,-09.001,080.996
1 Jan 2020 09:15:00.000,281.286,-09.733,080.265
1 Jan 2020 09:16:00.000,280.650,-10.426,079.571
1 Jan 2020 09:17:00.000,279.969,-11.078,078.919
1 Jan 2020 09:18:00.000,279.245,-11.686,078.311
1 Jan 2020 09:19:00.000,278.482,-12.247,077.750
1 Jan 2020 09:20:00.000,277.682,-12.759,077.238
1 Jan 2020 09:21:00.000,276.848,-13.220,076.777
1 Jan 2020 09:22:00.000,275.984,-13.627,076.370
1 Jan 2020 09:23:00.000,275.093,-13.979,076.019
1 Jan 2020 09:24:00.000,274.179,-14.273,075.724
1 Jan 2020 09:25:00.000,273.246,-14.509,075.488
1 Jan 2020 09:26:00.000,272.298,-14.685,075.312
1 Jan 2020 09:27:00.000,271.340,-14.801,075.196
1 Jan 2020 09:28:00.000,270.375,-14.855,075.142
1 Jan 2020 09:29:00.000,269.409,-14.848,075.149
1 Jan 2020 09:30:00.000,268.445,-14.780,075.217
1 Jan 2020 09:31:00.000,267.489,-14.651,075.346
1 Jan 2020 09:32:00.000,266.544,-14.461,075.536
1 Jan 2020 09:33:00.000,265.615,-14.212,075.785
1 Jan 2020 09:34:00.000,264.705,-13.905,076.093
1 Jan 2020 09:35:00.000,263.820,-13.540,076.457
1 Jan 2020 09:36:00.000,262.962,-13.121,076.876
1 Jan 2020 09:37:00.000,262.136,-12.649,077.349
1 Jan 2020 09:38:00.000,261.344,-12.125,077.872
1 Jan 2020 09:39:00.000,260.590,-11.553,078.444
1 Jan 2020 09:40:00.000,259.876,-10.935,079.062
1 Jan 2020 09:41:00.000,259.205,-10.274,079.724
1 Jan 2020 09:42:00.000,258.579,-09.572,080.426
1 Jan 2020 09:43:00.000,258.001,-08.832,081.165
1 Jan 2020 09:44:00.000,257.472,-08.058,081.939
1 Jan 2020 09:45:00.000,256.995,-07.253,082.744
1 Jan 2020 09:46:00.000,256.569,-06.420,083.577
1 Jan 2020 09:47:00.000,256.197,-05.563,084.435
1 Jan 2020 09:48:00.000,255.880,-04.684,085.314
1 Jan 2020 09:49:00.000,255.619,-03.787,086.211
1 Jan 2020 09:50:00.000,255.413,-02.876,087.122
1 Jan 2020 09:51:00.000,255.265,-01.953,088.044
1 Jan 2020 09:52:00.000,255.173,-01.024,088.973
1 Jan 2020 09:53:00.000,255.138,-00.091,089.907
1 Jan 2020 09:54:00.000,255.161,000.843,090.840
1 Jan 2020 09:55:00.000,255.242,001.774,091.771
1 Jan 2020 09:56:00.000,255.379,002.697,092.695
1 Jan 2020 09:57:00.000,255.573,003.611,093.608
1 Jan 2020 09:58:00.000,255.824,004.511,094.508
1 Jan 2020 09:59:00.000,256.130,005.394,095.391
1 Jan 2020 10:00:00.000,256.491,006.256,096.253
1 Jan 2020 10:01:00.000,256.906,007.094,097.091
1 Jan 2020 10:02:00.000,257.373,007.905,097.902
1 Jan 2020 10:03:00.000,257.892,008.685,098.682
1 Jan 2020 10:04:00.000,258.460,009.432,099.429
1 Jan 2020 10:05:00.000,259.076,010.141,100.139
1 Jan 2020 10:06:00.000,259.738,010.811,100.808
1 Jan 2020 10:07:00.000,260.444,011.438,101.435
1 Jan 2020 10:08:00.000,261.191,012.019,102.016
1 Jan 2020 10:09:00.000,261.975,012.552,102.550
1 Jan 2020 10:10:00.000,262.795,013.035,103.033
1 Jan 2020 10:11:00.000,263.647,013.465,103.463
1 Jan 2020 10:12:00.000,264.527,013.841,103.838
1 Jan 2020 10:13:00.000,265.432,014.159,104.157
1 Jan 2020 10:14:00.000,266.357,014.420,104.417
1 Jan 2020 10:15:00.000,267.299,014.622,104.619
1 Jan 2020 10:16:00.000,268.253,014.763,104.760
1 Jan 2020 10:17:00.000,269.216,014.844,104.841
1 Jan 2020 10:18:00.000,270.182,014.863,104.860
1 Jan 2020 10:19:00.000,271.147,014.820,104.818
1 Jan 2020 10:20:00.000,272.107,014.717,104.714
1 Jan 2020 10:21:00.000,273.057,014.553,104.550
1 Jan 2020 10:22:00.000,273.993,014.329,104.326
1 Jan 2020 10:23:00.000,274.911,014.046,104.043
1 Jan 2020 10:24:00.000,275.807,013.706,103.703
1 Jan 2020 10:25:00.000,276.677,013.309,103.307
1 Jan 2020 10:26:00.000,277.517,012.859,102.857
1 Jan 2020 10:27:00.000,278.324,012.357,102.355
1 Jan 2020 10:28:00.000,279.094,011.806,101.803
1 Jan 2020 10:29:00.000,279.826,011.207,101.204
1 Jan 2020 10:30:00.000,280.515,010.563,100.561
1 Jan 2020 10:31:00.000,281.160,009.878,099.876
1 Jan 2020 10:32:00.000,281.759,009.155,099.152
1 Jan 2020 10:33:00.000,282.308,008.395,098.392
1 Jan 2020 10:34:00.000,282.808,007.603,097.600
1 Jan 2020 10:35:00.000,283.256,006.781,096.779
1 Jan 2020 10:36:00.000,283.650,005.934,095.931
1 Jan 2020 10:37:00.000,283.990,005.064,095.061
1 Jan 2020 10:38:00.000,284.276,004.174,094.171
1 Jan 2020 10:39:00.000,284.505,003.269,093.266
1 Jan 2020 10:40:00.000,284.678,002.351,092.348
1 Jan 2020 10:41:00.000,284.794,001.424,091.421
1 Jan 2020 10:42:00.000,284.852,000.492,090.489
1 Jan 2020 10:43:00.000,284.854,-00.442,089.555
1 Jan 2020 10:44:00.000,284.798,-01.374,088.623
1 Jan 2020 10:45:00.000,284.685,-02.301,087.696
1 Jan 2020 10:46:00.000,284.514,-03.219,086.778
1 Jan 2020 10:47:00.000,284.288,-04.125,085.872
1 Jan 2020 10:48:00.000,284.005,-05.016,084.981
1 Jan 2020 10:49:00.000,283.667,-05.887,084.110
1 Jan 2020 10:50:00.000,283.275,-06.736,083.262
1 Jan 2020 10:51:00.000,282.830,-07.558,082.439
1 Jan 2020 10:52:00.000,282.333,-08.352,081.645
1 Jan 2020 10:53:00.000,281.785,-09.113,080.884
1 Jan 2020 10:54:00.000,281.189,-09.839,080.159
1 Jan 2020 10:55:00.000,280.547,-10.526,079.472
1 Jan 2020 10:56:00.000,279.859,-11.171,078.826
1 Jan 2020 10:57:00.000,279.130,-11.772,078.225
1 Jan 2020 10:58:00.000,278.361,-12.326,077.671
1 Jan 2020 10:59:00.000,277.556,-12.830,077.167
1 Jan 2020 11:00:00.000,276.717,-13.283,076.715
1 Jan 2020 11:01:00.000,275.849,-13.682,076.316
1 Jan 2020 11:02:00.000,274.954,-14.024,075.973
1 Jan 2020 11:03:00.000,274.037,-14.310,075.687
1 Jan 2020 11:04:00.000,273.102,-14.537,075.461
1 Jan 2020 11:05:00.000,272.152,-14.704,075.294
1 Jan 2020 11:06:00.000,271.193,-14.810,075.187
1 Jan 2020 11:07:00.000,270.228,-14.855,075.142
1 Jan 2020 11:08:00.000,269.262,-14.839,075.158
1 Jan 2020 11:09:00.000,268.299,-14.761,075.236
1 Jan 2020 11:10:00.000,267.345,-14.623,075.374
1 Jan 2020 11:11:00.000,266.402,-14.424,075.573
1 Jan 2020 11:12:00.000,265.476,-14.166,075.831
1 Jan 2020 11:13:00.000,264.570,-13.850,076.147
1 Jan 2020 11:14:00.000,263.689,-13.477,076.520
1 Jan 2020 11:15:00.000,262.836,-13.050,076.947
1 Jan 2020 11:16:00.000,262.015,-12.570,077.428
1 Jan 2020 11:17:00.000,261.228,-12.039,077.959
1 Jan 2020 11:18:00.000,260.480,-11.460,078.538
1 Jan 2020 11:19:00.000,259.773,-10.835,079.162
1 Jan 2020 11:20:00.000,259.109,-10.167,079.830
1 Jan 2020 11:21:00.000,258.490,-09.460,080.538
1 Jan 2020 11:22:00.000,257.920,-08.715,081.282
1 Jan 2020 11:23:00.000,257.399,-07.936,082.061
1 Jan 2020 11:24:00.000,256.929,-07.127,082.870
1 Jan 2020 11:25:00.000,256.512,-06.290,083.707
1 Jan 2020 11:26:00.000,256.148,-05.429,084.568
1 Jan 2020 11:27:00.000,255.840,-04.547,085.450
1 Jan 2020 11:28:00.000,255.587,-03.648,086.349
1 Jan 2020 11:29:00.000,255.390,-02.735,087.262
1 Jan 2020 11:30:00.000,255.250,-01.812,088.185
1 Jan 2020 11:31:00.000,255.167,-00.882,089.115
1 Jan 2020 11:32:00.000,255.141,000.051,090.049
1 Jan 2020 11:33:00.000,255.173,000.985,090.982
1 Jan 2020 11:34:00.000,255.262,001.914,091.912
1 Jan 2020 11:35:00.000,255.408,002.837,092.834
1 Jan 2020 11:36:00.000,255.611,003.748,093.745
1 Jan 2020 11:37:00.000,255.870,004.646,094.643
1 Jan 2020 11:38:00.000,256.184,005.525,095.522
1 Jan 2020 11:39:00.000,256.553,006.384,096.381
1 Jan 2020 11:40:00.000,256.976,007.218,097.215
1 Jan 2020 11:41:00.000,257.451,008.024,098.021
1 Jan 2020 11:42:00.000,257.978,008.799,098.797
1 Jan 2020 11:43:00.000,258.553,009.540,099.538
1 Jan 2020 11:44:00.000,259.176,010.244,100.241
1 Jan 2020 11:45:00.000,259.845,010.907,100.904
1 Jan 2020 11:46:00.000,260.557,011.527,101.524
1 Jan 2020 11:47:00.000,261.309,012.101,102.098
1 Jan 2020 11:48:00.000,262.099,012.627,102.624
1 Jan 2020 11:49:00.000,262.924,013.102,103.099
1 Jan 2020 11:50:00.000,263.780,013.523,103.521
1 Jan 2020 11:51:00.000,264.664,013.890,103.887
1 Jan 2020 11:52:00.000,265.572,014.200,104.197
1 Jan 2020 11:53:00.000,266.500,014.452,104.449
1 Jan 2020 11:54:00.000,267.444,014.644,104.642
1 Jan 2020 11:55:00.000,268.400,014.776,104.774
1 Jan 2020 11:56:00.000,269.363,014.847,104.845
1 Jan 2020 11:57:00.000,270.329,014.857,104.855
1 Jan 2020 11:58:00.000,271.293,014.806,104.803
1 Jan 2020 11:59:00.000,272.252,014.693,104.690
1 Jan 2020 12:00:00.000,273.200,014.520,104.517
1 Jan 2020 12:01:00.000,274.133,014.287,104.284
1 Jan 2020 12:02:00.000,275.048,013.995,103.992
1 Jan 2020 12:03:00.000,275.940,013.646,103.644
1 Jan 2020 12:04:00.000,276.805,013.242,103.239
1 Jan 2020 12:05:00.000,277.640,012.784,102.781
1 Jan 2020 12:06:00.000,278.442,012.274,102.271
1 Jan 2020 12:07:00.000,279.207,011.715,101.712
1 Jan 2020 12:08:00.000,279.932,011.110,101.107
1 Jan 2020 12:09:00.000,280.614,010.460,100.457
1 Jan 2020 12:10:00.000,281.252,009.769,099.766
1 Jan 2020 12:11:00.000,281.843,009.040,099.037
1 Jan 2020 12:12:00.000,282.385,008.275,098.272
1 Jan 2020 12:13:00.000,282.877,007.478,097.476
1 Jan 2020 12:14:00.000,283.316,006.653,096.650
1 Jan 2020 12:15:00.000,283.703,005.802,095.799
1 Jan 2020 12:16:00.000,284.035,004.928,094.926
1 Jan 2020 12:17:00.000,284.311,004.036,094.034
1 Jan 2020 12:18:00.000,284.532,003.129,093.126
1 Jan 2020 12:19:00.000,284.696,002.210,092.207
1 Jan 2020 12:20:00.000,284.804,001.282,091.280
1 Jan 2020 12:21:00.000,284.854,000.350,090.347
1 Jan 2020 12:22:00.000,284.846,-00.584,089.413
1 Jan 2020 12:23:00.000,284.781,-01.515,088.482
1 Jan 2020 12:24:00.000,284.660,-02.441,087.556
1 Jan 2020 12:25:00.000,284.481,-03.357,086.640
1 Jan 2020 12:26:00.000,284.246,-04.261,085.736
1 Jan 2020 12:27:00.000,283.955,-05.149,084.849
1 Jan 2020 12:28:00.000,283.609,-06.017,083.981
1 Jan 2020 12:29:00.000,283.208,-06.861,083.136
1 Jan 2020 12:30:00.000,282.755,-07.680,082.317
1 Jan 2020 12:31:00.000,282.251,-08.468,081.529
1 Jan 2020 12:32:00.000,281.696,-09.224,080.773
1 Jan 2020 12:33:00.000,281.092,-09.944,080.053
1 Jan 2020 12:34:00.000,280.443,-10.625,079.373
1 Jan 2020 12:35:00.000,279.749,-11.263,078.734
1 Jan 2020 12:36:00.000,279.014,-11.857,078.140
1 Jan 2020 12:37:00.000,278.239,-12.404,077.594
1 Jan 2020 12:38:00.000,277.429,-12.900,077.097
1 Jan 2020 12:39:00.000,276.586,-13.345,076.653
1 Jan 2020 12:40:00.000,275.713,-13.735,076.263
1 Jan 2020 12:41:00.000,274.815,-14.069,075.928
1 Jan 2020 12:42:00.000,273.895,-14.346,075.652
1 Jan 2020 12:43:00.000,272.958,-14.563,075.434
1 Jan 2020 12:44:00.000,272.006,-14.721,075.276
1 Jan 2020 12:45:00.000,271.046,-14.818,075.179
1 Jan 2020 12:46:00.000,270.081,-14.854,075.143
1 Jan 2020 12:47:00.000,269.115,-14.828,075.169
1 Jan 2020 12:48:00.000,268.154,-14.742,075.256
1 Jan 2020 12:49:00.000,267.201,-14.594,075.403
1 Jan 2020 12:50:00.000,266.261,-14.386,075.611
1 Jan 2020 12:51:00.000,265.338,-14.119,075.878
1 Jan 2020 12:52:00.000,264.436,-13.794,076.203
1 Jan 2020 12:53:00.000,263.559,-13.413,076.584
1 Jan 2020 12:54:00.000,262.710,-12.978,077.019
1 Jan 2020 12:55:00.000,261.894,-12.490,077.507
1 Jan 2020 12:56:00.000,261.114,-11.952,078.046
1 Jan 2020 12:57:00.000,260.372,-11.365,078.632
1 Jan 2020 12:58:00.000,259.671,-10.734,079.263
1 Jan 2020 12:59:00.000,259.014,-10.060,079.937
1 Jan 2020 13:00:00.000,258.403,-09.347,080.650
1 Jan 2020 13:01:00.000,257.840,-08.597,081.400
1 Jan 2020 13:02:00.000,257.326,-07.814,082.184
1 Jan 2020 13:03:00.000,256.865,-07.000,082.997
1 Jan 2020 13:04:00.000,256.456,-06.159,083.838
1 Jan 2020 13:05:00.000,256.100,-05.295,084.702
1 Jan 2020 13:06:00.000,255.800,-04.411,085.587
1 Jan 2020 13:07:00.000,255.556,-03.510,086.488
1 Jan 2020 13:08:00.000,255.368,-02.595,087.402
1 Jan 2020 13:09:00.000,255.236,-01.671,088.327
1 Jan 2020 13:10:00.000,255.162,-00.740,089.257
1 Jan 2020 13:11:00.000,255.145,000.194,090.191
1 Jan 2020 13:12:00.000,255.185,001.126,091.124
1 Jan 2020 13:13:00.000,255.283,002.055,092.052
1 Jan 2020 13:14:00.000,255.438,002.976,092.973
1 Jan 2020 13:15:00.000,255.649,003.885,093.882
1 Jan 2020 13:16:00.000,255.916,004.780,094.777
1 Jan 2020 13:17:00.000,256.239,005.656,095.654
1 Jan 2020 13:18:00.000,256.617,006.511,096.508
1 Jan 2020 13:19:00.000,257.047,007.341,097.338
1 Jan 2020 13:20:00.000,257.530,008.143,098.140
1 Jan 2020 13:21:00.000,258.064,008.913,098.910
1 Jan 2020 13:22:00.000,258.647,009.648,099.645
1 Jan 2020 13:23:00.000,259.277,010.346,100.343
1 Jan 2020 13:24:00.000,259.952,011.002,101.000
1 Jan 2020 13:25:00.000,260.671,011.615,101.613
1 Jan 2020 13:26:00.000,261.429,012.182,102.179
1 Jan 2020 13:27:00.000,262.224,012.700,102.697
1 Jan 2020 13:28:00.000,263.054,013.167,103.164
1 Jan 2020 13:29:00.000,263.914,013.580,103.578
1 Jan 2020 13:30:00.000,264.802,013.938,103.936
1 Jan 2020 13:31:00.000,265.713,014.240,104.237
1 Jan 2020 13:32:00.000,266.643,014.482,104.480
1 Jan 2020 13:33:00.000,267.589,014.666,104.663
1 Jan 2020 13:34:00.000,268.546,014.789,104.786
1 Jan 2020 13:35:00.000,269.510,014.850,104.848
1 Jan 2020 13:36:00.000,270.476,014.851,104.848
1 Jan 2020 13:37:00.000,271.439,014.790,104.787
1 Jan 2020 13:38:00.000,272.396,014.668,104.665
1 Jan 2020 13:39:00.000,273.342,014.486,104.483
1 Jan 2020 13:40:00.000,274.273,014.244,104.241
1 Jan 2020 13:41:00.000,275.184,013.943,103.941
1 Jan 2020 13:42:00.000,276.072,013.586,103.583
1 Jan 2020 13:43:00.000,276.933,013.173,103.171
1 Jan 2020 13:44:00.000,277.763,012.707,102.705
1 Jan 2020 13:45:00.000,278.559,012.190,102.187
1 Jan 2020 13:46:00.000,279.318,011.624,101.621
1 Jan 2020 13:47:00.000,280.036,011.012,101.009
1 Jan 2020 13:48:00.000,280.712,010.356,100.353
1 Jan 2020 13:49:00.000,281.343,009.659,099.656
1 Jan 2020 13:50:00.000,281.927,008.924,098.921
1 Jan 2020 13:51:00.000,282.461,008.154,098.152
1 Jan 2020 13:52:00.000,282.945,007.353,097.351
1 Jan 2020 13:53:00.000,283.376,006.524,096.521
1 Jan 2020 13:54:00.000,283.755,005.669,095.666
1 Jan 2020 13:55:00.000,284.078,004.793,094.790
1 Jan 2020 13:56:00.000,284.346,003.899,093.896
1 Jan 2020 13:57:00.000,284.558,002.989,092.987
1 Jan 2020 13:58:00.000,284.714,002.069,092.066
1 Jan 2020 13:59:00.000,284.812,001.140,091.138
1 Jan 2020 14:00:00.000,284.854,000.208,090.205
1 Jan 2020 14:01:00.000,284.838,-00.726,089.272
1 Jan 2020 14:02:00.000,284.764,-01.656,088.341
1 Jan 2020 14:03:00.000,284.634,-02.581,087.417
1 Jan 2020 14:04:00.000,284.446,-03.495,086.502
1 Jan 2020 14:05:00.000,284.203,-04.397,085.601
1 Jan 2020 14:06:00.000,283.903,-05.281,084.716
1 Jan 2020 14:07:00.000,283.549,-06.146,083.852
1 Jan 2020 14:08:00.000,283.141,-06.987,083.011
1 Jan 2020 14:09:00.000,282.680,-07.800,082.197
1 Jan 2020 14:10:00.000,282.167,-08.584,081.413
1 Jan 2020 14:11:00.000,281.605,-09.335,080.663
1 Jan 2020 14:12:00.000,280.995,-10.048,079.949
1 Jan 2020 14:13:00.000,280.338,-10.723,079.275
1 Jan 2020 14:14:00.000,279.638,-11.355,078.643
1 Jan 2020 14:15:00.000,278.897,-11.941,078.056
1 Jan 2020 14:16:00.000,278.117,-12.480,077.517
1 Jan 2020 14:17:00.000,277.301,-12.969,077.028
1 Jan 2020 14:18:00.000,276.454,-13.405,076.592
1 Jan 2020 14:19:00.000,275.577,-13.787,076.210
1 Jan 2020 14:20:00.000,274.676,-14.113,075.885
1 Jan 2020 14:21:00.000,273.753,-14.380,075.617
1 Jan 2020 14:22:00.000,272.813,-14.589,075.408
1 Jan 2020 14:23:00.000,271.861,-14.737,075.260
1 Jan 2020 14:24:00.000,270.899,-14.825,075.172
1 Jan 2020 14:25:00.000,269.934,-14.852,075.146
1 Jan 2020 14:26:00.000,268.969,-14.817,075.181
1 Jan 2020 14:27:00.000,268.009,-14.721,075.277
1 Jan 2020 14:28:00.000,267.057,-14.564,075.434
1 Jan 2020 14:29:00.000,266.120,-14.347,075.650
1 Jan 2020 14:30:00.000,265.200,-14.071,075.926
1 Jan 2020 14:31:00.000,264.301,-13.738,076.259
1 Jan 2020 14:32:00.000,263.429,-13.348,076.649
1 Jan 2020 14:33:00.000,262.585,-12.905,077.092
1 Jan 2020 14:34:00.000,261.775,-12.409,077.588
1 Jan 2020 14:35:00.000,261.000,-11.864,078.134
1 Jan 2020 14:36:00.000,260.264,-11.270,078.727
1 Jan 2020 14:37:00.000,259.570,-10.633,079.365
1 Jan 2020 14:38:00.000,258.920,-09.953,080.045
1 Jan 2020 14:39:00.000,258.316,-09.234,080.764
1 Jan 2020 14:40:00.000,257.760,-08.479,081.519
1 Jan 2020 14:41:00.000,257.255,-07.690,082.307
1 Jan 2020 14:42:00.000,256.801,-06.873,083.125
1 Jan 2020 14:43:00.000,256.400,-06.028,083.969
1 Jan 2020 14:44:00.000,256.053,-05.161,084.836
1 Jan 2020 14:45:00.000,255.762,-04.274,085.723
1 Jan 2020 14:46:00.000,255.526,-03.371,086.627
1 Jan 2020 14:47:00.000,255.346,-02.455,087.543
1 Jan 2020 14:48:00.000,255.224,-01.529,088.468
1 Jan 2020 14:49:00.000,255.158,-00.598,089.399
1 Jan 2020 14:50:00.000,255.150,000.335,090.333
1 Jan 2020 14:51:00.000,255.199,001.268,091.265
1 Jan 2020 14:52:00.000,255.305,002.195,092.192
1 Jan 2020 14:53:00.000,255.469,003.114,093.111
1 Jan 2020 14:54:00.000,255.688,004.022,094.019
1 Jan 2020 14:55:00.000,255.964,004.914,094.911
1 Jan 2020 14:56:00.000,256.295,005.787,095.784
1 Jan 2020 14:57:00.000,256.681,006.638,096.635
1 Jan 2020 14:58:00.000,257.120,007.464,097.461
1 Jan 2020 14:59:00.000,257.610,008.261,098.258
1 Jan 2020 15:00:00.000,258.152,009.026,099.023
1 Jan 2020 15:01:00.000,258.742,009.755,099.752
1 Jan 2020 15:02:00.000,259.379,010.447,100.444
1 Jan 2020 15:03:00.000,260.061,011.097,101.094
1 Jan 2020 15:04:00.000,260.785,011.703,101.700
1 Jan 2020 15:05:00.000,261.549,012.262,102.260
1 Jan 2020 15:06:00.000,262.349,012.773,102.770
1 Jan 2020 15:07:00.000,263.184,013.231,103.229
1 Jan 2020 15:08:00.000,264.048,013.636,103.634
1 Jan 2020 15:09:00.000,264.940,013.986,103.983
1 Jan 2020 15:09:46.411,265.645,014.217,104.214
1 Jan 2020 15:11:00.000,266.787,014.512,104.509
1 Jan 2020 15:12:00.000,267.734,014.686,104.683
1 Jan 2020 15:13:00.000,268.693,014.800,104.797
1 Jan 2020 15:14:00.000,269.657,014.852,104.849
1 Jan 2020 15:15:00.000,270.622,014.843,104.841
1 Jan 2020 15:16:00.000,271.585,014.773,104.770
1 Jan 2020 15:17:00.000,272.541,014.642,104.639
1 Jan 2020 15:18:00.000,273.484,014.450,104.448
1 Jan 2020 15:19:00.000,274.412,014.200,104.197
1 Jan 2020 15:20:00.000,275.320,013.890,103.888
1 Jan 2020 15:21:00.000,276.204,013.525,103.522
1 Jan 2020 15:22:00.000,277.060,013.104,103.101
1 Jan 2020 15:23:00.000,277.885,012.630,102.627
1 Jan 2020 15:24:00.000,278.676,012.105,102.103
1 Jan 2020 15:25:00.000,279.428,011.532,101.529
1 Jan 2020 15:26:00.000,280.140,010.913,100.910
1 Jan 2020 15:27:00.000,280.810,010.251,100.248
1 Jan 2020 15:28:00.000,281.433,009.548,099.545
1 Jan 2020 15:29:00.000,282.009,008.808,098.805
1 Jan 2020 15:30:00.000,282.536,008.033,098.031
1 Jan 2020 15:31:00.000,283.012,007.228,097.225
1 Jan 2020 15:32:00.000,283.435,006.394,096.392
1 Jan 2020 15:33:00.000,283.805,005.536,095.534
1 Jan 2020 15:34:00.000,284.120,004.657,094.655
1 Jan 2020 15:35:00.000,284.380,003.761,093.758
1 Jan 2020 15:36:00.000,284.584,002.850,092.847
1 Jan 2020 15:37:00.000,284.730,001.928,091.925
1 Jan 2020 15:38:00.000,284.820,000.999,090.996
1 Jan 2020 15:39:00.000,284.853,000.066,090.063
1 Jan 2020 15:40:00.000,284.828,-00.867,089.130
1 Jan 2020 15:41:00.000,284.746,-01.797,088.200
1 Jan 2020 15:42:00.000,284.607,-02.720,087.277
1 Jan 2020 15:43:00.000,284.411,-03.633,086.364
1 Jan 2020 15:44:00.000,284.159,-04.532,085.466
1 Jan 2020 15:45:00.000,283.851,-05.413,084.584
1 Jan 2020 15:46:00.000,283.488,-06.274,083.723
1 Jan 2020 15:47:00.000,283.072,-07.111,082.886
1 Jan 2020 15:48:00.000,282.603,-07.921,082.077
1 Jan 2020 15:49:00.000,282.083,-08.699,081.298
1 Jan 2020 15:50:00.000,281.514,-09.444,080.553
1 Jan 2020 15:51:00.000,280.896,-10.152,079.845
1 Jan 2020 15:52:00.000,280.233,-10.820,079.177
1 Jan 2020 15:53:00.000,279.527,-11.445,078.552
1 Jan 2020 15:54:00.000,278.779,-12.025,077.973
1 Jan 2020 15:55:00.000,277.994,-12.556,077.441
1 Jan 2020 15:56:00.000,277.173,-13.037,076.960
1 Jan 2020 15:57:00.000,276.321,-13.465,076.532
1 Jan 2020 15:58:00.000,275.441,-13.838,076.159
1 Jan 2020 15:59:00.000,274.536,-14.155,075.842
1 Jan 2020 16:00:00.000,273.611,-14.414,075.584
1 Jan 2020 16:01:00.000,272.669,-14.613,075.384
1 Jan 2020 16:02:00.000,271.715,-14.753,075.245
1 Jan 2020 16:03:00.000,270.753,-14.831,075.166
1 Jan 2020 16:04:00.000,269.787,-14.848,075.149
1 Jan 2020 16:05:00.000,268.823,-14.804,075.193
1 Jan 2020 16:06:00.000,267.864,-14.699,075.299
1 Jan 2020 16:07:00.000,266.914,-14.533,075.465
1 Jan 2020 16:08:00.000,265.979,-14.307,075.691
1 Jan 2020 16:09:00.000,265.062,-14.022,075.975
1 Jan 2020 16:10:00.000,264.168,-13.680,076.317
1 Jan 2020 16:11:00.000,263.299,-13.283,076.715
1 Jan 2020 16:12:00.000,262.461,-12.831,077.166
1 Jan 2020 16:13:00.000,261.656,-12.328,077.670
1 Jan 2020 16:14:00.000,260.887,-11.775,078.223
1 Jan 2020 16:15:00.000,260.157,-11.175,078.823
1 Jan 2020 16:16:00.000,259.469,-10.530,079.467
1 Jan 2020 16:17:00.000,258.826,-09.844,080.153
1 Jan 2020 16:18:00.000,258.230,-09.120,080.877
1 Jan 2020 16:19:00.000,257.682,-08.360,081.638
1 Jan 2020 16:20:00.000,257.184,-07.567,082.430
1 Jan 2020 16:21:00.000,256.738,-06.745,083.252
1 Jan 2020 16:22:00.000,256.346,-05.897,084.100
1 Jan 2020 16:23:00.000,256.007,-05.027,084.971
1 Jan 2020 16:24:00.000,255.724,-04.137,085.860
1 Jan 2020 16:25:00.000,255.497,-03.232,086.766
1 Jan 2020 16:26:00.000,255.326,-02.314,087.683
1 Jan 2020 16:27:00.000,255.212,-01.388,088.610
1 Jan 2020 16:28:00.000,255.155,-00.456,089.541
1 Jan 2020 16:29:00.000,255.156,000.477,090.475
1 Jan 2020 16:30:00.000,255.213,001.409,091.406
1 Jan 2020 16:31:00.000,255.328,002.335,092.332
1 Jan 2020 16:32:00.000,255.500,003.253,093.250
1 Jan 2020 16:33:00.000,255.729,004.158,094.155
1 Jan 2020 16:34:00.000,256.013,005.047,095.044
1 Jan 2020 16:35:00.000,256.352,005.917,095.914
1 Jan 2020 16:36:00.000,256.746,006.765,096.762
1 Jan 2020 16:37:00.000,257.193,007.586,097.583
1 Jan 2020 16:38:00.000,257.691,008.378,098.375
1 Jan 2020 16:39:00.000,258.240,009.138,099.135
1 Jan 2020 16:40:00.000,258.837,009.862,099.859
1 Jan 2020 16:41:00.000,259.481,010.547,100.544
1 Jan 2020 16:42:00.000,260.169,011.190,101.188
1 Jan 2020 16:43:00.000,260.900,011.789,101.787
1 Jan 2020 16:44:00.000,261.669,012.342,102.339
1 Jan 2020 16:45:00.000,262.475,012.844,102.841
1 Jan 2020 16:46:00.000,263.314,013.295,103.292
1 Jan 2020 16:47:00.000,264.183,013.691,103.689
1 Jan 2020 16:48:00.000,265.078,014.032,104.030
1 Jan 2020 16:48:11.810,265.257,014.093,104.090
1 Jan 2020 16:50:00.000,266.931,014.540,104.538
1 Jan 2020 16:51:00.000,267.880,014.705,104.703
1 Jan 2020 16:52:00.000,268.839,014.810,104.807
1 Jan 2020 16:53:00.000,269.803,014.853,104.850
1 Jan 2020 16:54:00.000,270.769,014.835,104.832
1 Jan 2020 16:55:00.000,271.731,014.755,104.752
1 Jan 2020 16:56:00.000,272.685,014.615,104.612
1 Jan 2020 16:57:00.000,273.626,014.414,104.412
1 Jan 2020 16:58:00.000,274.551,014.154,104.152
1 Jan 2020 16:59:00.000,275.456,013.837,103.834
1 Jan 2020 17:00:00.000,276.335,013.462,103.460
1 Jan 2020 17:01:00.000,277.187,013.034,103.031
1 Jan 2020 17:02:00.000,278.007,012.552,102.549
1 Jan 2020 17:03:00.000,278.791,012.020,102.017
1 Jan 2020 17:04:00.000,279.538,011.439,101.437
1 Jan 2020 17:05:00.000,280.244,010.814,100.811
1 Jan 2020 17:06:00.000,280.906,010.145,100.142
1 Jan 2020 17:07:00.000,281.522,009.436,099.434
1 Jan 2020 17:08:00.000,282.091,008.691,098.688
1 Jan 2020 17:09:00.000,282.610,007.912,097.909
1 Jan 2020 17:10:00.000,283.078,007.102,097.099
1 Jan 2020 17:11:00.000,283.493,006.265,096.262
1 Jan 2020 17:12:00.000,283.855,005.403,095.401
1 Jan 2020 17:13:00.000,284.162,004.522,094.519
1 Jan 2020 17:14:00.000,284.413,003.622,093.620
1 Jan 2020 17:15:00.000,284.608,002.710,092.707
1 Jan 2020 17:16:00.000,284.746,001.787,091.784
1 Jan 2020 17:17:00.000,284.827,000.857,090.854
1 Jan 2020 17:18:00.000,284.851,-00.076,089.921
1 Jan 2020 17:19:00.000,284.817,-01.009,088.988
1 Jan 2020 17:20:00.000,284.726,-01.938,088.060
1 Jan 2020 17:21:00.000,284.579,-02.859,087.138
1 Jan 2020 17:22:00.000,284.374,-03.770,086.227
1 Jan 2020 17:23:00.000,284.114,-04.666,085.331
1 Jan 2020 17:24:00.000,283.797,-05.545,084.452
1 Jan 2020 17:25:00.000,283.427,-06.402,083.595
1 Jan 2020 17:26:00.000,283.002,-07.235,082.762
1 Jan 2020 17:27:00.000,282.526,-08.040,081.957
1 Jan 2020 17:28:00.000,281.998,-08.814,081.183
1 Jan 2020 17:29:00.000,281.421,-09.553,080.444
1 Jan 2020 17:30:00.000,280.797,-10.255,079.742
1 Jan 2020 17:31:00.000,280.127,-10.917,079.081
1 Jan 2020 17:32:00.000,279.414,-11.535,078.462
1 Jan 2020 17:33:00.000,278.661,-12.107,077.890
1 Jan 2020 17:34:00.000,277.870,-12.631,077.366
1 Jan 2020 17:35:00.000,277.045,-13.104,076.893
1 Jan 2020 17:36:00.000,276.188,-13.524,076.474
1 Jan 2020 17:37:00.000,275.304,-13.888,076.109
1 Jan 2020 17:38:00.000,274.396,-14.196,075.801
1 Jan 2020 17:39:00.000,273.468,-14.446,075.551
1 Jan 2020 17:40:00.000,272.524,-14.637,075.361
1 Jan 2020 17:41:00.000,271.568,-14.767,075.231
1 Jan 2020 17:42:00.000,270.606,-14.836,075.161
1 Jan 2020 17:43:00.000,269.640,-14.844,075.154
1 Jan 2020 17:44:00.000,268.676,-14.790,075.207
1 Jan 2020 17:45:00.000,267.719,-14.676,075.322
1 Jan 2020 17:46:00.000,266.771,-14.500,075.497
1 Jan 2020 17:47:00.000,265.839,-14.266,075.732
1 Jan 2020 17:48:00.000,264.925,-13.972,076.025
1 Jan 2020 17:49:00.000,264.035,-13.622,076.376
1 Jan 2020 17:50:00.000,263.171,-13.216,076.781
1 Jan 2020 17:51:00.000,262.337,-12.756,077.241
1 Jan 2020 17:52:00.000,261.537,-12.245,077.752
1 Jan 2020 17:53:00.000,260.774,-11.685,078.312
1 Jan 2020 17:54:00.000,260.051,-11.078,078.919
1 Jan 2020 17:55:00.000,259.370,-10.428,079.570
1 Jan 2020 17:56:00.000,258.734,-09.736,080.262
1 Jan 2020 17:57:00.000,258.145,-09.005,080.992
1 Jan 2020 17:58:00.000,257.604,-08.240,081.757
1 Jan 2020 17:59:00.000,257.115,-07.443,082.554
1 Jan 2020 18:00:00.000,256.677,-06.617,083.380
1 Jan 2020 18:01:00.000,256.292,-05.765,084.232
1 Jan 2020 18:02:00.000,255.962,-04.892,085.105
1 Jan 2020 18:03:00.000,255.688,-04.000,085.997
1 Jan 2020 18:04:00.000,255.469,-03.092,086.905
1 Jan 2020 18:05:00.000,255.307,-02.173,087.824
1 Jan 2020 18:06:00.000,255.201,-01.246,088.751
1 Jan 2020 18:07:00.000,255.153,-00.314,089.683
1 Jan 2020 18:08:00.000,255.162,000.619,090.616
1 Jan 2020 18:09:00.000,255.229,001.550,091.547
1 Jan 2020 18:10:00.000,255.353,002.475,092.472
1 Jan 2020 18:11:00.000,255.533,003.391,093.388
1 Jan 2020 18:12:00.000,255.770,004.294,094.291
1 Jan 2020 18:13:00.000,256.063,005.180,095.177
1 Jan 2020 18:14:00.000,256.410,006.047,096.044
1 Jan 2020 18:15:00.000,256.812,006.890,096.888
1 Jan 2020 18:16:00.000,257.266,007.708,097.705
1 Jan 2020 18:17:00.000,257.773,008.495,098.492
1 Jan 2020 18:18:00.000,258.329,009.249,099.246
1 Jan 2020 18:19:00.000,258.933,009.967,099.965
1 Jan 2020 18:20:00.000,259.584,010.646,100.644
1 Jan 2020 18:21:00.000,260.279,011.283,101.280
1 Jan 2020 18:22:00.000,261.015,011.875,101.873
1 Jan 2020 18:23:00.000,261.790,012.420,102.417
1 Jan 2020 18:24:00.000,262.602,012.915,102.912
1 Jan 2020 18:25:00.000,263.445,013.357,103.354
1 Jan 2020 18:25:18.770,263.715,013.484,103.482
1 Jan 2020 18:27:00.000,265.217,014.078,104.075
1 Jan 2020 18:28:00.000,266.137,014.352,104.350
1 Jan 2020 18:29:00.000,267.074,014.568,104.565
1 Jan 2020 18:30:00.000,268.025,014.724,104.721
1 Jan 2020 18:31:00.000,268.986,014.819,104.816
1 Jan 2020 18:32:00.000,269.950,014.852,104.850
1 Jan 2020 18:33:00.000,270.915,014.825,104.822
1 Jan 2020 18:34:00.000,271.876,014.736,104.733
1 Jan 2020 18:35:00.000,272.828,014.587,104.584
1 Jan 2020 18:36:00.000,273.768,014.377,104.374
1 Jan 2020 18:37:00.000,274.690,014.108,104.106
1 Jan 2020 18:38:00.000,275.590,013.782,103.779
1 Jan 2020 18:39:00.000,276.466,013.399,103.397
1 Jan 2020 18:40:00.000,277.313,012.962,102.960
1 Jan 2020 18:41:00.000,278.128,012.473,102.470
1 Jan 2020 18:42:00.000,278.907,011.933,101.931
1 Jan 2020 18:43:00.000,279.647,011.346,101.343
1 Jan 2020 18:44:00.000,280.346,010.714,100.711
1 Jan 2020 18:45:00.000,281.002,010.039,100.036
1 Jan 2020 18:46:00.000,281.611,009.324,099.322
1 Jan 2020 18:47:00.000,282.172,008.574,098.571
1 Jan 2020 18:48:00.000,282.683,007.790,097.787
1 Jan 2020 18:49:00.000,283.143,006.976,096.973
1 Jan 2020 18:50:00.000,283.550,006.135,096.132
1 Jan 2020 18:51:00.000,283.904,005.270,095.267
1 Jan 2020 18:52:00.000,284.202,004.385,094.383
1 Jan 2020 18:53:00.000,284.445,003.484,093.481
1 Jan 2020 18:54:00.000,284.631,002.570,092.567
1 Jan 2020 18:55:00.000,284.760,001.645,091.643
1 Jan 2020 18:56:00.000,284.833,000.715,090.712
1 Jan 2020 18:57:00.000,284.848,-00.218,089.779
1 Jan 2020 18:58:00.000,284.806,-01.150,088.847
1 Jan 2020 18:59:00.000,284.706,-02.078,087.919
1 Jan 2020 19:00:00.000,284.550,-02.998,086.999
1 Jan 2020 19:01:00.000,284.337,-03.907,086.090
1 Jan 2020 19:02:00.000,284.068,-04.801,085.197
1 Jan 2020 19:03:00.000,283.743,-05.676,084.321
1 Jan 2020 19:04:00.000,283.364,-06.530,083.467
1 Jan 2020 19:05:00.000,282.932,-07.359,082.639
1 Jan 2020 19:06:00.000,282.448,-08.159,081.838
1 Jan 2020 19:07:00.000,281.912,-08.928,081.070
1 Jan 2020 19:08:00.000,281.328,-09.662,080.336
1 Jan 2020 19:09:00.000,280.697,-10.357,079.640
1 Jan 2020 19:10:00.000,280.020,-11.013,078.985
1 Jan 2020 19:11:00.000,279.301,-11.624,078.373
1 Jan 2020 19:12:00.000,278.542,-12.189,077.808
1 Jan 2020 19:13:00.000,277.746,-12.705,077.292
1 Jan 2020 19:14:00.000,276.916,-13.170,076.827
1 Jan 2020 19:15:00.000,276.055,-13.581,076.416
1 Jan 2020 19:16:00.000,275.167,-13.938,076.060
1 Jan 2020 19:17:00.000,274.256,-14.237,075.760
1 Jan 2020 19:18:00.000,273.325,-14.478,075.520
1 Jan 2020 19:19:00.000,272.379,-14.659,075.338
1 Jan 2020 19:20:00.000,271.422,-14.780,075.218
1 Jan 2020 19:21:00.000,270.459,-14.840,075.158
1 Jan 2020 19:22:00.000,269.494,-14.838,075.159
1 Jan 2020 19:23:00.000,268.530,-14.775,075.222
1 Jan 2020 19:24:00.000,267.574,-14.651,075.346
1 Jan 2020 19:25:00.000,266.629,-14.467,075.530
1 Jan 2020 19:26:00.000,265.699,-14.223,075.774
1 Jan 2020 19:27:00.000,264.789,-13.921,076.076
1 Jan 2020 19:28:00.000,263.902,-13.562,076.435
1 Jan 2020 19:29:00.000,263.043,-13.148,076.849
1 Jan 2020 19:30:00.000,262.214,-12.681,077.317
1 Jan 2020 19:31:00.000,261.420,-12.162,077.835
1 Jan 2020 19:32:00.000,260.662,-11.595,078.403
1 Jan 2020 19:33:00.000,259.945,-10.981,079.016
1 Jan 2020 19:34:00.000,259.271,-10.324,079.673
1 Jan 2020 19:35:00.000,258.642,-09.626,080.371
1 Jan 2020 19:36:00.000,258.060,-08.890,081.107
1 Jan 2020 19:37:00.000,257.528,-08.120,081.877
1 Jan 2020 19:38:00.000,257.046,-07.318,082.679
1 Jan 2020 19:39:00.000,256.616,-06.488,083.509
1 Jan 2020 19:40:00.000,256.240,-05.633,084.364
1 Jan 2020 19:41:00.000,255.918,-04.757,085.240
1 Jan 2020 19:42:00.000,255.652,-03.862,086.135
1 Jan 2020 19:43:00.000,255.442,-02.953,087.044
1 Jan 2020 19:44:00.000,255.288,-02.033,087.965
1 Jan 2020 19:45:00.000,255.192,-01.104,088.893
1 Jan 2020 19:46:00.000,255.152,-00.172,089.825
1 Jan 2020 19:47:00.000,255.170,000.761,090.758
1 Jan 2020 19:48:00.000,255.245,001.691,091.688
1 Jan 2020 19:49:00.000,255.378,002.615,092.612
1 Jan 2020 19:50:00.000,255.567,003.529,093.526
1 Jan 2020 19:51:00.000,255.812,004.429,094.426
1 Jan 2020 19:52:00.000,256.113,005.313,095.310
1 Jan 2020 19:53:00.000,256.469,006.176,096.173
1 Jan 2020 19:54:00.000,256.879,007.016,097.013
1 Jan 2020 19:55:00.000,257.341,007.829,097.826
1 Jan 2020 19:56:00.000,257.855,008.611,098.608
1 Jan 2020 19:57:00.000,258.419,009.360,099.357
1 Jan 2020 19:58:00.000,259.030,010.072,100.070
1 Jan 2020 19:59:00.000,259.688,010.745,100.742
1 Jan 2020 20:00:00.000,260.389,011.375,101.372
1 Jan 2020 20:01:00.000,261.131,011.960,101.957
1 Jan 2020 20:02:00.000,261.912,012.497,102.495
1 Jan 2020 20:03:00.000,262.728,012.984,102.981
1 Jan 2020 20:04:00.000,263.577,013.418,103.416
1 Jan 2020 20:05:00.000,264.454,013.798,103.796
1 Jan 2020 20:06:00.000,265.356,014.122,104.119
1 Jan 2020 20:07:00.000,266.279,014.388,104.385
1 Jan 2020 20:08:00.000,267.219,014.594,104.592
1 Jan 2020 20:09:00.000,268.171,014.741,104.738
1 Jan 2020 20:10:00.000,269.132,014.826,104.824
1 Jan 2020 20:11:00.000,270.097,014.851,104.848
1 Jan 2020 20:12:00.000,271.062,014.814,104.811
1 Jan 2020 20:13:00.000,272.021,014.716,104.713
1 Jan 2020 20:14:00.000,272.972,014.557,104.555
1 Jan 2020 20:15:00.000,273.909,014.339,104.336
1 Jan 2020 20:16:00.000,274.828,014.061,104.059
1 Jan 2020 20:17:00.000,275.725,013.726,103.723
1 Jan 2020 20:18:00.000,276.596,013.335,103.333
1 Jan 2020 20:19:00.000,277.438,012.890,102.887
1 Jan 2020 20:20:00.000,278.248,012.393,102.390
1 Jan 2020 20:21:00.000,279.021,011.846,101.843
1 Jan 2020 20:22:00.000,279.755,011.252,101.249
1 Jan 2020 20:23:00.000,280.448,010.613,100.610
1 Jan 2020 20:24:00.000,281.096,009.932,099.929
1 Jan 2020 20:25:00.000,281.698,009.212,099.209
1 Jan 2020 20:26:00.000,282.252,008.456,098.453
1 Jan 2020 20:27:00.000,282.756,007.667,097.664
1 Jan 2020 20:28:00.000,283.208,006.849,096.846
1 Jan 2020 20:29:00.000,283.607,006.004,096.001
1 Jan 2020 20:30:00.000,283.951,005.136,095.134
1 Jan 2020 20:31:00.000,284.241,004.249,094.246
1 Jan 2020 20:32:00.000,284.475,003.346,093.343
1 Jan 2020 20:33:00.000,284.653,002.429,092.427
1 Jan 2020 20:34:00.000,284.774,001.504,091.501
1 Jan 2020 20:35:00.000,284.838,000.573,090.570
1 Jan 2020 20:36:00.000,284.844,-00.360,089.637
1 Jan 2020 20:37:00.000,284.793,-01.292,088.706
1 Jan 2020 20:38:00.000,284.685,-02.219,087.779
1 Jan 2020 20:39:00.000,284.520,-03.137,086.860
1 Jan 2020 20:40:00.000,284.298,-04.044,085.954
1 Jan 2020 20:41:00.000,284.021,-04.935,085.063
1 Jan 2020 20:42:00.000,283.688,-05.807,084.190
1 Jan 2020 20:43:00.000,283.301,-06.657,083.340
1 Jan 2020 20:44:00.000,282.861,-07.482,082.516
1 Jan 2020 20:45:00.000,282.368,-08.277,081.720
1 Jan 2020 20:46:00.000,281.826,-09.041,080.956
1 Jan 2020 20:47:00.000,281.234,-09.769,080.228
1 Jan 2020 20:48:00.000,280.596,-10.459,079.538
1 Jan 2020 20:49:00.000,279.913,-11.108,078.890
1 Jan 2020 20:50:00.000,279.188,-11.712,078.285
1 Jan 2020 20:51:00.000,278.423,-12.270,077.728
1 Jan 2020 20:52:00.000,277.621,-12.778,077.219
1 Jan 2020 20:53:00.000,276.786,-13.235,076.762
1 Jan 2020 20:54:00.000,275.921,-13.638,076.359
1 Jan 2020 20:55:00.000,275.029,-13.986,076.012
1 Jan 2020 20:56:00.000,274.115,-14.276,075.721
1 Jan 2020 20:57:00.000,273.182,-14.508,075.489
1 Jan 2020 20:58:00.000,272.234,-14.680,075.317
1 Jan 2020 20:59:00.000,271.276,-14.792,075.206
1 Jan 2020 21:00:00.000,270.312,-14.842,075.155
1 Jan 2020 21:01:00.000,269.347,-14.831,075.166
1 Jan 2020 21:02:00.000,268.385,-14.759,075.238
1 Jan 2020 21:03:00.000,267.430,-14.626,075.371
1 Jan 2020 21:04:00.000,266.487,-14.433,075.565
1 Jan 2020 21:05:00.000,265.560,-14.180,075.817
1 Jan 2020 21:06:00.000,264.653,-13.869,076.128
1 Jan 2020 21:07:00.000,263.770,-13.502,076.495
1 Jan 2020 21:08:00.000,262.915,-13.079,076.918
1 Jan 2020 21:09:00.000,262.092,-12.604,077.393
1 Jan 2020 21:10:00.000,261.303,-12.078,077.919
1 Jan 2020 21:11:00.000,260.551,-11.503,078.494
1 Jan 2020 21:12:00.000,259.841,-10.883,079.114
1 Jan 2020 21:13:00.000,259.173,-10.220,079.778
1 Jan 2020 21:14:00.000,258.552,-09.516,080.481
1 Jan 2020 21:15:00.000,257.977,-08.775,081.222
1 Jan 2020 21:16:00.000,257.452,-08.000,081.998
1 Jan 2020 21:17:00.000,256.978,-07.193,082.804
1 Jan 2020 21:18:00.000,256.557,-06.360,083.638
1 Jan 2020 21:19:00.000,256.189,-05.501,084.496
1 Jan 2020 21:20:00.000,255.875,-04.622,085.375
1 Jan 2020 21:21:00.000,255.617,-03.725,086.272
1 Jan 2020 21:22:00.000,255.416,-02.814,087.184
1 Jan 2020 21:23:00.000,255.271,-01.892,088.105
1 Jan 2020 21:24:00.000,255.183,-00.963,089.034
1 Jan 2020 21:25:00.000,255.152,-00.030,089.967
1 Jan 2020 21:26:00.000,255.179,000.902,090.900
1 Jan 2020 21:27:00.000,255.263,001.832,091.829
1 Jan 2020 21:28:00.000,255.404,002.754,092.751
1 Jan 2020 21:29:00.000,255.601,003.666,093.663
1 Jan 2020 21:30:00.000,255.855,004.564,094.562
1 Jan 2020 21:31:00.000,256.165,005.445,095.442
1 Jan 2020 21:32:00.000,256.529,006.305,096.302
1 Jan 2020 21:33:00.000,256.947,007.141,097.138
1 Jan 2020 21:34:00.000,257.417,007.949,097.946
1 Jan 2020 21:35:00.000,257.938,008.726,098.724
1 Jan 2020 21:36:00.000,258.509,009.470,099.467
1 Jan 2020 21:37:00.000,259.128,010.176,100.174
1 Jan 2020 21:38:00.000,259.792,010.843,100.840
1 Jan 2020 21:39:00.000,260.500,011.466,101.464
1 Jan 2020 21:40:00.000,261.248,012.044,102.041
1 Jan 2020 21:41:00.000,262.035,012.574,102.571
1 Jan 2020 21:42:00.000,262.856,013.053,103.050
1 Jan 2020 21:43:00.000,263.709,013.479,103.476
1 Jan 2020 21:44:00.000,264.590,013.850,103.848
1 Jan 2020 21:45:00.000,265.495,014.165,104.162
1 Jan 2020 21:46:00.000,266.421,014.422,104.419
1 Jan 2020 21:47:00.000,267.363,014.619,104.617
1 Jan 2020 21:48:00.000,268.317,014.757,104.754
1 Jan 2020 21:49:00.000,269.279,014.833,104.830
1 Jan 2020 21:50:00.000,270.244,014.848,104.846
1 Jan 2020 21:51:00.000,271.208,014.802,104.799
1 Jan 2020 21:52:00.000,272.166,014.695,104.692
1 Jan 2020 21:53:00.000,273.115,014.527,104.524
1 Jan 2020 21:54:00.000,274.049,014.299,104.297
1 Jan 2020 21:55:00.000,274.965,014.013,104.010
1 Jan 2020 21:56:00.000,275.859,013.669,103.667
1 Jan 2020 21:57:00.000,276.726,013.270,103.267
1 Jan 2020 21:58:00.000,277.563,012.817,102.814
1 Jan 2020 21:59:00.000,278.367,012.312,102.309
1 Jan 2020 22:00:00.000,279.135,011.758,101.755
1 Jan 2020 22:01:00.000,279.863,011.157,101.154
1 Jan 2020 22:02:00.000,280.549,010.511,100.508
1 Jan 2020 22:03:00.000,281.190,009.824,099.821
1 Jan 2020 22:04:00.000,281.785,009.099,099.096
1 Jan 2020 22:05:00.000,282.331,008.338,098.335
1 Jan 2020 22:06:00.000,282.827,007.544,097.541
1 Jan 2020 22:07:00.000,283.271,006.722,096.719
1 Jan 2020 22:08:00.000,283.662,005.873,095.870
1 Jan 2020 22:09:00.000,283.998,005.002,095.000
1 Jan 2020 22:10:00.000,284.280,004.112,094.110
1 Jan 2020 22:11:00.000,284.505,003.207,093.204
1 Jan 2020 22:12:00.000,284.674,002.289,092.286
1 Jan 2020 22:13:00.000,284.786,001.363,091.360
1 Jan 2020 22:14:00.000,284.841,000.431,090.429
1 Jan 2020 22:15:00.000,284.839,-00.502,089.496
1 Jan 2020 22:16:00.000,284.779,-01.433,088.564
1 Jan 2020 22:17:00.000,284.663,-02.359,087.639
1 Jan 2020 22:18:00.000,284.489,-03.275,086.722
1 Jan 2020 22:19:00.000,284.259,-04.180,085.817
1 Jan 2020 22:20:00.000,283.973,-05.068,084.929
1 Jan 2020 22:21:00.000,283.632,-05.938,084.060
1 Jan 2020 22:22:00.000,283.237,-06.784,083.213
1 Jan 2020 22:23:00.000,282.788,-07.604,082.393
1 Jan 2020 22:24:00.000,282.288,-08.395,081.602
1 Jan 2020 22:25:00.000,281.738,-09.153,080.844
1 Jan 2020 22:26:00.000,281.140,-09.876,080.121
1 Jan 2020 22:27:00.000,280.494,-10.560,079.438
1 Jan 2020 22:28:00.000,279.805,-11.202,078.796
1 Jan 2020 22:29:00.000,279.073,-11.799,078.198
1 Jan 2020 22:30:00.000,278.303,-12.350,077.648
1 Jan 2020 22:31:00.000,277.496,-12.850,077.147
1 Jan 2020 22:32:00.000,276.656,-13.299,076.698
1 Jan 2020 22:33:00.000,275.787,-13.694,076.303
1 Jan 2020 22:34:00.000,274.891,-14.033,075.964
1 Jan 2020 22:35:00.000,273.974,-14.314,075.683
1 Jan 2020 22:36:00.000,273.038,-14.537,075.460
1 Jan 2020 22:37:00.000,272.089,-14.700,075.297
1 Jan 2020 22:38:00.000,271.130,-14.803,075.195
1 Jan 2020 22:39:00.000,270.165,-14.844,075.154
1 Jan 2020 22:40:00.000,269.200,-14.824,075.174
1 Jan 2020 22:41:00.000,268.239,-14.742,075.255
1 Jan 2020 22:42:00.000,267.286,-14.600,075.397
1 Jan 2020 22:43:00.000,266.345,-14.397,075.600
1 Jan 2020 22:44:00.000,265.421,-14.136,075.861
1 Jan 2020 22:45:00.000,264.517,-13.816,076.181
1 Jan 2020 22:46:00.000,263.639,-13.440,076.557
1 Jan 2020 22:47:00.000,262.788,-13.010,076.987
1 Jan 2020 22:48:00.000,261.970,-12.527,077.471
1 Jan 2020 22:49:00.000,261.186,-11.993,078.004
1 Jan 2020 22:50:00.000,260.441,-11.411,078.586
1 Jan 2020 22:51:00.000,259.737,-10.784,079.213
1 Jan 2020 22:52:00.000,259.076,-10.115,079.883
1 Jan 2020 22:53:00.000,258.462,-09.405,080.592
1 Jan 2020 22:54:00.000,257.895,-08.659,081.339
1 Jan 2020 22:55:00.000,257.377,-07.879,082.119
1 Jan 2020 22:56:00.000,256.911,-07.068,082.929
1 Jan 2020 22:57:00.000,256.498,-06.230,083.767
1 Jan 2020 22:58:00.000,256.138,-05.368,084.629
1 Jan 2020 22:59:00.000,255.833,-04.486,085.511
1 Jan 2020 23:00:00.000,255.584,-03.587,086.410
1 Jan 2020 23:01:00.000,255.391,-02.674,087.323
1 Jan 2020 23:02:00.000,255.254,-01.751,088.246
1 Jan 2020 23:03:00.000,255.175,-00.821,089.176
1 Jan 2020 23:04:00.000,255.153,000.112,090.109
1 Jan 2020 23:05:00.000,255.189,001.044,091.041
1 Jan 2020 23:06:00.000,255.281,001.973,091.970
1 Jan 2020 23:07:00.000,255.431,002.894,092.891
1 Jan 2020 23:08:00.000,255.637,003.804,093.801
1 Jan 2020 23:09:00.000,255.899,004.699,094.696
1 Jan 2020 23:10:00.000,256.217,005.577,095.574
1 Jan 2020 23:11:00.000,256.590,006.433,096.431
1 Jan 2020 23:12:00.000,257.015,007.265,097.262
1 Jan 2020 23:13:00.000,257.494,008.069,098.066
1 Jan 2020 23:14:00.000,258.023,008.841,098.839
1 Jan 2020 23:15:00.000,258.601,009.579,099.577
1 Jan 2020 23:16:00.000,259.227,010.280,100.277
1 Jan 2020 23:17:00.000,259.898,010.940,100.937
1 Jan 2020 23:18:00.000,260.612,011.557,101.554
1 Jan 2020 23:19:00.000,261.366,012.127,102.125
1 Jan 2020 23:20:00.000,262.158,012.649,102.647
1 Jan 2020 23:21:00.000,262.984,013.120,103.118
1 Jan 2020 23:22:00.000,263.841,013.538,103.536
1 Jan 2020 23:23:00.000,264.726,013.901,103.898
1 Jan 2020 23:24:00.000,265.635,014.207,104.205
1 Jan 2020 23:25:00.000,266.563,014.455,104.452
1 Jan 2020 23:26:00.000,267.507,014.644,104.641
1 Jan 2020 23:27:00.000,268.463,014.772,104.769
1 Jan 2020 23:28:00.000,269.425,014.839,104.836
1 Jan 2020 23:29:00.000,270.391,014.845,104.842
1 Jan 2020 23:30:00.000,271.354,014.789,104.786
1 Jan 2020 23:31:00.000,272.311,014.673,104.670
1 Jan 2020 23:32:00.000,273.258,014.496,104.493
1 Jan 2020 23:33:00.000,274.190,014.259,104.256
1 Jan 2020 23:34:00.000,275.102,013.964,103.961
1 Jan 2020 23:35:00.000,275.992,013.612,103.609
1 Jan 2020 23:36:00.000,276.855,013.204,103.201
1 Jan 2020 23:37:00.000,277.687,012.743,102.740
1 Jan 2020 23:38:00.000,278.486,012.231,102.228
1 Jan 2020 23:39:00.000,279.247,011.669,101.666
1 Jan 2020 23:40:00.000,279.969,011.061,101.058
1 Jan 2020 23:41:00.000,280.649,010.409,100.406
1 Jan 2020 23:42:00.000,281.283,009.716,099.713
1 Jan 2020 23:43:00.000,281.871,008.985,098.982
1 Jan 2020 23:44:00.000,282.409,008.219,098.216
1 Jan 2020 23:45:00.000,282.897,007.421,097.418
1 Jan 2020 23:46:00.000,283.333,006.594,096.591
1 Jan 2020 23:47:00.000,283.716,005.742,095.739
1 Jan 2020 23:48:00.000,284.044,004.868,094.865
1 Jan 2020 23:49:00.000,284.317,003.975,093.973
1 Jan 2020 23:50:00.000,284.534,003.068,093.065
1 Jan 2020 23:51:00.000,284.694,002.149,092.146
1 Jan 2020 23:52:00.000,284.798,001.221,091.219
1 Jan 2020 23:53:00.000,284.844,000.290,090.287
1 Jan 2020 23:54:00.000,284.833,-00.643,089.354
1 Jan 2020 23:55:00.000,284.765,-01.574,088.423
1 Jan 2020 23:56:00.000,284.639,-02.499,087.499
1 Jan 2020 23:57:00.000,284.457,-03.414,086.584
1 Jan 2020 23:58:00.000,284.218,-04.316,085.681
1 Jan 2020 23:59:00.000,283.924,-05.202,084.796
